Province,AccidentType,RoadCondition,LightCondition,SpeedLimit,NumberOfVehicles,DayOfWeek,Month,DriverAge,AlcoholInvolved,Severity
1,3,3,1,80.0,2,3,6,41.0,0,0
0,4,3,1,100.0,5,4,9,31.0,0,0
6,1,0,2,60.0,5,1,8,40.0,0,0
4,0,3,1,60.0,5,6,2,34.0,0,1
1,2,0,0,120.0,5,0,6,30.0,0,0
3,2,3,1,60.0,1,3,1,23.0,0,0
1,1,0,1,60.0,5,1,9,49.0,1,0
6,0,2,1,80.0,4,1,4,26.0,0,0
4,3,0,0,100.0,4,1,4,52.0,1,1
0,4,0,2,120.0,1,6,9,31.0,0,1
6,0,0,2,120.0,5,4,3,40.0,0,0
6,2,3,1,60.0,3,6,5,53.0,1,0
3,1,0,1,80.0,5,1,1,29.0,1,0
5,1,0,1,60.0,4,2,6,40.0,0,0
4,4,3,1,60.0,2,1,3,40.0,0,0
8,1,0,2,120.0,2,2,1,27.0,0,0
6,1,1,2,60.0,3,0,10,37.0,1,0
5,0,1,1,60.0,5,6,6,43.0,0,0
8,3,3,0,80.0,1,2,12,55.0,0,0
4,4,0,1,120.0,5,6,10,30.0,0,0
2,0,3,0,100.0,3,5,2,39.0,0,0
5,3,0,1,80.0,3,4,8,33.0,1,0
7,0,0,1,80.0,3,5,11,37.0,0,0
2,0,0,1,80.0,2,2,12,27.0,0,0
3,1,0,1,120.0,5,5,2,32.0,1,0
1,3,0,2,60.0,5,3,4,53.0,0,0
0,4,3,1,100.0,1,4,3,36.0,0,1
7,4,3,1,120.0,3,2,9,35.0,1,0
3,3,0,2,60.0,3,0,2,24.0,0,0
4,1,0,2,80.0,4,0,3,48.0,1,0
3,2,1,2,120.0,4,4,7,45.0,0,0
1,0,3,1,60.0,2,4,4,36.0,0,0
4,1,3,2,100.0,5,2,6,57.0,0,2
7,3,0,2,100.0,1,6,3,28.0,0,1
1,0,0,1,60.0,1,3,1,22.0,0,0
8,4,0,1,120.0,3,2,11,33.0,0,0
0,2,0,1,80.0,1,6,6,24.0,0,0
7,4,0,1,60.0,3,6,4,37.0,0,1
8,3,2,1,80.0,5,6,2,35.0,1,0
7,0,0,1,100.0,1,2,7,48.0,0,0
4,3,0,2,60.0,3,1,10,29.0,0,0
8,0,3,2,100.0,5,1,12,34.0,0,0
0,1,3,0,80.0,5,0,5,37.0,0,0
1,2,0,2,80.0,3,1,6,44.0,0,0
6,1,3,1,60.0,3,1,6,21.0,1,0
3,1,0,0,60.0,2,6,9,24.0,0,0
2,3,0,0,60.0,5,6,12,28.0,0,0
0,2,0,1,100.0,3,4,2,21.0,0,0
8,0,2,2,80.0,5,6,12,42.0,0,0
6,0,0,0,80.0,1,2,6,42.0,0,1
0,4,0,2,100.0,4,4,9,48.0,0,0
8,0,0,0,60.0,4,3,12,34.0,0,0
5,3,2,1,120.0,3,4,4,29.0,1,1
5,1,0,1,60.0,3,1,12,23.0,0,0
0,1,0,1,120.0,5,6,11,50.0,0,1
5,1,0,2,120.0,3,1,6,32.0,1,0
8,2,0,2,100.0,5,6,7,26.0,0,0
8,0,3,0,80.0,3,1,1,44.0,0,1
0,3,3,1,80.0,5,3,5,30.0,1,0
6,2,0,1,80.0,3,1,4,22.0,1,0
1,4,0,2,80.0,2,1,10,24.0,0,0
7,3,0,2,100.0,5,2,2,36.0,0,0
6,3,0,1,100.0,2,3,2,22.0,0,0
4,3,0,1,100.0,2,0,2,33.0,0,0
8,1,3,2,120.0,2,3,7,24.0,1,0
4,3,1,2,100.0,2,1,11,23.0,0,0
6,0,1,1,60.0,1,5,11,29.0,1,0
7,3,2,1,100.0,4,5,4,36.0,0,0
7,1,3,0,80.0,1,5,6,38.0,0,1
2,3,3,2,60.0,3,2,7,46.0,1,0
7,4,0,1,100.0,3,4,9,25.0,0,1
1,4,3,1,100.0,4,1,11,51.0,0,0
7,1,0,2,120.0,4,3,2,64.5,1,0
6,0,0,1,100.0,4,5,10,29.0,0,0
2,0,3,1,60.0,2,2,12,18.0,0,0
6,2,0,2,100.0,1,4,9,18.0,1,1
6,1,0,1,80.0,3,5,11,29.0,1,0
3,3,1,2,120.0,1,6,5,26.0,1,1
2,1,0,1,60.0,1,0,6,35.0,0,0
6,2,0,2,100.0,1,1,6,41.0,0,0
3,1,1,1,100.0,4,0,11,19.0,0,0
3,1,3,1,80.0,4,0,3,32.0,0,0
2,2,3,1,120.0,3,6,11,28.0,1,2
4,0,0,0,60.0,3,6,11,59.0,0,1
1,3,0,0,120.0,3,6,10,18.0,0,2
7,2,2,1,100.0,1,4,7,25.0,0,0
1,4,3,2,80.0,4,5,7,35.0,1,2
7,0,3,2,100.0,2,3,8,25.0,1,2
6,4,0,0,120.0,1,1,5,34.0,0,0
8,0,0,1,100.0,5,6,2,22.0,0,0
2,3,0,2,120.0,1,2,3,24.0,0,2
1,3,0,1,60.0,4,1,9,49.0,1,2
1,1,3,1,60.0,5,3,6,20.0,0,0
6,4,0,0,100.0,1,1,8,45.0,0,0
4,0,3,2,60.0,4,1,8,29.0,0,2
3,3,1,1,120.0,4,6,5,27.0,0,0
6,2,3,1,60.0,2,6,1,28.0,0,0
5,3,0,2,80.0,1,5,6,21.0,1,2
3,2,3,2,80.0,4,3,7,34.0,1,2
2,0,3,1,100.0,3,6,9,36.0,1,2
3,3,0,0,100.0,4,6,2,45.0,1,0
4,3,2,1,100.0,2,1,12,49.0,0,0
3,0,3,1,100.0,4,5,2,41.0,0,2
2,3,2,0,120.0,1,0,10,18.0,1,0
4,2,3,1,120.0,1,6,1,23.0,0,1
1,3,0,1,80.0,5,2,5,45.0,0,0
1,4,0,2,120.0,1,6,2,35.0,0,0
7,1,0,2,60.0,5,0,3,42.0,0,0
3,2,1,1,80.0,3,1,2,33.0,0,0
1,4,3,0,100.0,2,3,11,29.0,0,0
2,0,3,2,100.0,3,5,4,42.0,0,0
0,2,0,1,120.0,5,1,11,18.0,0,0
0,1,0,2,80.0,4,3,3,31.0,1,1
4,1,3,1,120.0,4,4,9,35.0,0,1
1,0,0,1,120.0,3,6,10,37.0,0,0
1,0,0,2,120.0,4,3,12,19.0,0,1
0,2,3,0,80.0,5,2,2,19.0,1,0
1,3,0,1,100.0,2,3,7,30.0,0,0
3,0,0,1,60.0,1,4,11,34.0,0,0
5,3,0,1,100.0,5,6,3,53.0,1,1
8,4,0,1,80.0,5,4,10,24.0,0,0
7,1,1,1,100.0,1,0,8,29.0,0,0
4,3,0,1,100.0,1,6,4,54.0,0,0
5,1,0,2,60.0,2,2,4,47.0,0,2
0,3,0,1,100.0,2,6,9,21.0,1,2
1,4,3,1,100.0,2,4,11,43.0,0,0
7,0,0,2,100.0,4,5,3,44.0,0,0
1,4,3,2,120.0,5,4,7,37.0,0,2
2,0,0,1,80.0,1,6,1,20.0,0,0
2,0,0,1,80.0,5,6,7,27.0,0,0
7,1,0,2,60.0,5,3,10,27.0,0,0
7,4,2,1,120.0,2,5,11,41.0,0,2
0,3,2,1,120.0,2,1,2,29.0,0,1
7,4,0,2,100.0,5,5,12,31.0,1,0
3,1,3,1,80.0,2,1,6,27.0,0,0
1,0,1,1,60.0,4,2,9,18.0,0,2
5,1,0,1,100.0,1,6,6,34.0,0,0
6,2,2,1,100.0,5,3,3,39.0,1,1
7,2,0,1,60.0,1,0,1,52.0,0,0
4,3,1,0,100.0,4,0,12,21.0,0,0
2,1,3,1,60.0,2,4,12,53.0,0,0
3,3,1,1,120.0,3,5,4,30.0,0,0
6,3,3,1,60.0,4,5,4,41.0,0,0
5,2,0,0,120.0,3,0,8,46.0,0,0
6,3,1,2,120.0,1,1,10,53.0,0,0
7,2,0,1,60.0,5,5,10,34.0,1,1
0,0,0,0,120.0,2,1,7,22.0,0,0
2,1,3,1,120.0,4,1,10,34.0,0,0
2,3,3,1,120.0,2,1,7,42.0,0,0
0,2,1,1,60.0,3,1,7,28.0,0,0
1,4,0,1,60.0,3,3,12,29.0,0,0
8,3,3,1,120.0,5,4,2,18.0,0,0
3,0,0,2,120.0,3,4,9,23.0,0,0
2,0,0,1,60.0,5,3,6,40.0,0,0
4,4,0,2,100.0,4,0,2,45.0,0,0
2,2,0,1,120.0,5,4,1,48.0,1,2
6,3,0,1,100.0,3,2,11,62.0,0,0
2,2,1,1,60.0,1,3,1,52.0,1,0
2,0,3,0,120.0,5,5,1,33.0,1,1
8,2,3,1,100.0,2,2,4,23.0,0,0
8,0,1,2,60.0,1,3,4,31.0,1,1
5,2,0,1,100.0,5,4,12,28.0,0,0
1,4,2,1,80.0,2,5,9,36.0,0,1
4,1,0,1,100.0,1,5,12,45.0,0,0
2,4,2,1,80.0,5,1,12,40.0,0,0
2,4,0,1,60.0,4,0,1,53.0,0,0
3,1,1,1,60.0,2,1,3,39.0,0,0
8,1,0,2,120.0,4,3,3,19.0,0,0
4,3,0,1,80.0,3,1,8,28.0,0,0
5,3,3,2,80.0,5,2,2,39.0,0,0
1,4,0,1,80.0,5,4,6,37.0,1,0
0,4,3,2,60.0,2,2,11,50.0,1,1
1,0,0,2,80.0,5,4,4,35.0,1,1
6,0,3,1,80.0,3,2,10,32.0,1,2
2,3,0,1,120.0,5,5,6,18.0,0,0
5,3,0,2,100.0,1,4,5,25.0,0,0
6,0,0,0,100.0,4,4,12,34.0,0,0
4,0,0,1,80.0,3,2,9,37.0,1,0
0,2,0,1,80.0,3,6,9,42.0,0,0
8,2,0,0,80.0,4,5,1,40.0,0,0
5,0,0,1,80.0,4,3,3,33.0,0,0
5,2,0,2,100.0,3,5,1,22.0,0,0
2,1,3,1,120.0,4,3,6,35.0,0,0
7,3,2,1,100.0,2,6,12,34.0,0,0
5,3,0,2,80.0,4,2,3,51.0,0,0
3,0,3,2,80.0,1,2,1,50.0,0,0
0,4,3,1,100.0,1,5,6,29.0,1,2
0,0,0,1,80.0,2,2,5,27.0,1,1
3,2,3,2,120.0,4,0,12,18.0,0,0
3,4,0,2,120.0,1,0,12,33.0,1,1
3,2,3,1,80.0,5,3,8,29.0,1,0
0,1,0,2,100.0,4,6,2,64.5,0,1
1,2,3,2,80.0,2,4,8,21.0,0,1
0,1,3,2,80.0,4,0,12,34.0,0,0
7,1,0,2,100.0,3,3,5,27.0,0,1
2,2,0,1,120.0,3,2,8,35.0,0,0
6,2,1,2,60.0,1,6,12,30.0,0,0
1,1,0,2,80.0,3,3,10,44.0,1,0
8,4,3,1,120.0,2,3,4,40.0,0,0
6,1,1,1,80.0,1,0,4,44.0,0,0
2,3,3,1,60.0,2,1,10,25.0,0,0
7,1,3,2,100.0,2,6,4,47.0,0,2
7,4,3,1,120.0,3,5,11,29.0,0,0
8,3,2,2,60.0,3,3,6,18.0,0,0
1,0,0,0,80.0,2,0,4,32.0,1,1
3,0,0,2,60.0,3,5,9,36.0,1,0
1,4,0,0,120.0,3,6,9,20.0,0,0
7,1,1,0,100.0,3,0,3,45.0,0,0
0,2,3,1,100.0,4,5,7,25.0,0,2
2,4,0,2,100.0,2,4,12,24.0,1,1
8,3,2,1,100.0,5,3,5,34.0,0,0
2,3,0,0,60.0,2,4,12,45.0,0,0
4,0,0,1,60.0,1,1,9,20.0,1,0
4,3,3,0,120.0,3,2,2,46.0,1,1
1,4,0,2,120.0,3,6,3,18.0,0,2
7,3,2,2,100.0,5,2,10,38.0,0,1
7,4,0,1,120.0,1,2,5,21.0,0,0
3,2,2,1,100.0,4,5,12,25.0,1,1
3,0,3,2,80.0,2,1,5,55.0,0,2
3,3,0,1,100.0,4,6,10,23.0,0,0
0,4,1,2,120.0,1,4,12,34.0,0,2
6,1,3,1,120.0,5,2,7,22.0,0,0
5,0,0,2,100.0,1,5,8,34.0,0,1
6,2,0,1,60.0,5,2,8,39.0,0,0
2,4,2,2,100.0,4,0,1,41.0,0,1
6,2,0,2,100.0,4,4,1,48.0,0,0
0,2,0,1,60.0,1,2,3,30.0,0,0
2,3,0,1,80.0,1,0,1,47.0,0,0
6,3,0,1,60.0,3,0,1,52.0,0,1
0,4,3,2,120.0,5,5,10,38.0,0,0
5,1,0,2,60.0,3,5,8,21.0,0,2
6,4,0,2,120.0,2,0,1,20.0,1,1
0,1,0,2,120.0,2,1,9,40.0,0,0
3,2,0,1,100.0,1,2,2,21.0,0,2
7,0,1,1,100.0,4,0,9,18.0,0,1
3,4,0,1,80.0,2,0,7,45.0,0,0
7,4,1,1,120.0,2,5,9,29.0,1,0
8,1,0,0,100.0,3,2,3,64.0,0,1
8,2,0,0,120.0,3,6,1,27.0,1,1
8,2,2,1,80.0,2,4,1,29.0,0,1
5,1,0,2,120.0,1,5,11,39.0,0,1
3,2,3,2,80.0,3,2,10,37.0,0,0
7,3,1,1,80.0,2,2,6,34.0,1,1
0,0,0,1,80.0,4,3,7,33.0,1,0
2,4,0,1,100.0,3,1,9,64.5,0,0
0,0,3,2,60.0,2,4,6,54.0,0,0
2,4,0,0,60.0,5,5,5,45.0,0,0
4,3,0,2,100.0,3,5,2,20.0,1,1
0,2,0,1,120.0,5,6,2,34.0,0,0
6,1,0,1,100.0,3,3,8,42.0,0,0
6,3,3,2,120.0,3,3,1,43.0,0,0
1,0,0,2,80.0,5,1,8,34.0,0,1
3,1,0,2,100.0,1,3,11,27.0,0,0
2,2,3,2,60.0,2,1,10,34.0,0,0
2,3,0,1,120.0,1,2,11,25.0,1,1
3,1,0,2,100.0,1,2,7,51.0,0,0
5,3,3,2,100.0,2,5,7,43.0,0,0
1,3,0,1,120.0,4,6,5,28.0,0,2
5,2,3,2,80.0,1,5,3,34.0,0,0
5,4,2,1,80.0,1,3,7,35.0,0,0
5,1,0,1,80.0,1,0,7,24.0,1,0
3,2,3,1,80.0,4,2,7,46.0,1,1
5,3,0,1,120.0,3,0,12,35.0,1,1
6,2,0,1,60.0,5,3,11,28.0,1,0
8,4,2,1,100.0,5,6,2,24.0,0,1
4,1,2,2,100.0,4,5,3,45.0,0,1
2,4,0,1,80.0,1,2,3,38.0,0,0
2,0,3,1,120.0,5,6,4,26.0,0,0
4,1,1,1,60.0,4,5,12,29.0,0,0
3,4,1,2,100.0,2,5,9,35.0,0,0
0,3,3,1,100.0,5,0,10,35.0,1,0
3,1,0,1,80.0,2,4,1,37.0,1,0
2,1,0,0,100.0,1,3,12,18.0,1,0
2,2,1,2,100.0,5,1,7,36.0,0,0
4,3,0,0,60.0,4,2,7,20.0,1,0
5,0,3,1,120.0,3,1,11,52.0,0,0
3,4,0,1,60.0,5,6,4,47.0,0,1
7,2,0,2,100.0,5,1,11,48.0,0,0
4,4,0,1,80.0,5,0,1,18.0,0,0
6,0,1,1,80.0,5,4,3,31.0,1,2
2,0,0,1,120.0,4,2,5,34.0,0,2
4,1,3,2,120.0,4,3,12,41.0,0,0
3,0,0,1,120.0,3,5,2,45.0,0,0
2,4,0,0,100.0,4,5,7,50.0,1,0
0,3,0,0,100.0,4,3,10,18.0,0,1
4,3,3,1,120.0,1,0,10,25.0,0,0
1,1,0,2,80.0,1,2,7,35.0,0,0
2,4,0,2,80.0,2,1,12,44.0,0,1
3,4,0,2,80.0,3,3,10,44.0,0,0
8,0,0,1,100.0,1,5,5,40.0,0,1
7,4,1,2,60.0,3,1,12,27.0,0,0
5,2,1,1,80.0,3,0,10,28.0,1,0
3,0,0,0,80.0,5,5,6,27.0,1,0
6,2,3,1,80.0,3,6,1,23.0,0,0
6,1,1,1,120.0,5,4,4,23.0,0,0
8,3,0,2,100.0,2,1,4,21.0,0,1
5,1,2,2,120.0,2,3,11,39.0,1,2
1,3,1,2,120.0,2,2,8,36.0,0,0
8,1,0,1,60.0,5,1,2,23.0,0,0
8,4,0,1,120.0,5,1,1,18.0,1,0
2,2,1,0,60.0,2,1,7,30.0,0,0
6,3,0,2,120.0,5,3,6,52.0,0,0
2,0,0,2,80.0,4,0,5,35.0,1,1
7,2,0,1,100.0,4,0,12,44.0,0,0
5,0,0,1,100.0,5,2,8,37.0,0,0
1,2,3,2,60.0,5,0,11,34.0,0,2
1,2,3,2,100.0,1,3,2,18.0,0,0
3,1,1,1,60.0,1,2,2,30.0,0,0
8,3,0,0,80.0,3,2,9,28.0,0,0
7,3,3,2,120.0,3,0,1,52.0,0,2
6,2,3,1,100.0,3,5,6,37.0,0,0
1,4,0,1,80.0,2,0,3,50.0,0,0
7,4,0,1,120.0,4,5,5,48.0,0,2
0,0,1,2,120.0,2,6,8,24.0,0,2
0,0,0,1,60.0,5,0,7,35.0,1,2
2,1,0,1,60.0,1,6,12,55.0,0,0
6,2,3,2,80.0,5,0,4,41.0,0,1
3,0,0,1,60.0,5,6,8,41.0,0,0
1,0,3,1,80.0,1,4,11,45.0,0,1
8,2,3,1,80.0,5,6,11,40.0,0,0
8,1,3,2,80.0,3,5,10,41.0,0,1
1,0,1,2,60.0,1,1,11,38.0,0,0
5,1,3,1,100.0,5,2,2,30.0,1,0
3,3,0,2,80.0,3,6,7,22.0,0,0
7,1,3,2,100.0,3,1,5,18.0,1,0
5,4,0,1,120.0,4,3,11,31.0,0,0
5,4,0,1,60.0,3,4,6,40.0,0,0
2,1,0,1,60.0,2,4,3,37.0,1,1
0,4,0,1,100.0,1,3,11,42.0,0,0
5,3,3,2,120.0,1,3,10,33.0,0,1
5,2,0,2,120.0,1,3,7,64.5,0,0
4,4,3,1,80.0,5,5,7,59.0,0,0
2,4,3,1,60.0,5,3,2,18.0,0,0
6,1,0,1,120.0,2,5,1,42.0,0,0
4,3,2,2,120.0,3,6,10,46.0,1,0
4,2,0,1,80.0,5,0,2,18.0,0,0
1,1,0,2,80.0,3,3,12,37.0,1,1
0,1,3,1,100.0,3,3,8,41.0,0,2
5,3,0,2,60.0,5,4,11,34.0,0,0
0,2,0,0,120.0,5,1,10,39.0,0,0
3,3,3,1,100.0,2,0,3,35.0,0,2
1,2,3,1,60.0,4,4,11,43.0,0,1
6,3,0,0,100.0,1,6,4,53.0,0,0
0,1,1,1,60.0,5,3,8,44.0,1,0
8,1,3,2,60.0,5,4,3,49.0,0,0
3,0,2,1,120.0,3,5,6,22.0,0,1
2,4,0,2,60.0,4,1,2,59.0,0,0
6,3,3,1,80.0,5,1,3,38.0,1,1
3,0,0,0,120.0,4,5,1,30.0,0,2
1,4,3,2,80.0,1,3,9,39.0,0,2
4,3,3,2,100.0,3,3,4,28.0,0,2
4,2,0,2,100.0,2,0,6,36.0,0,0
1,4,0,2,60.0,1,5,7,38.0,0,0
7,1,0,1,60.0,4,3,2,26.0,0,0
4,0,0,0,80.0,4,1,8,36.0,0,0
2,4,2,0,80.0,1,3,12,26.0,0,0
2,4,0,1,80.0,4,6,9,26.0,1,0
8,1,1,0,100.0,2,3,10,22.0,0,1
5,3,0,2,80.0,2,0,11,30.0,0,1
7,2,0,2,120.0,4,2,2,34.0,0,0
6,1,0,1,120.0,4,4,5,40.0,0,0
4,2,2,1,100.0,2,2,2,48.0,0,0
2,3,1,1,100.0,4,6,11,42.0,0,0
1,4,0,1,80.0,5,2,5,46.0,0,0
4,2,0,2,60.0,3,3,7,45.0,0,2
5,0,3,1,120.0,5,0,6,23.0,1,2
1,0,3,1,100.0,4,1,4,30.0,0,2
3,1,0,0,80.0,4,1,2,56.0,0,0
3,3,3,1,100.0,3,6,7,28.0,0,1
4,1,0,1,100.0,4,2,12,57.0,0,1
5,1,0,1,100.0,3,0,10,29.0,0,0
7,1,0,1,120.0,2,4,9,18.0,0,0
4,0,0,2,100.0,3,3,1,32.0,0,2
2,0,0,2,100.0,3,2,3,45.0,0,0
0,1,0,2,60.0,5,2,7,54.0,0,0
4,0,0,1,60.0,4,4,9,18.0,1,2
4,3,0,2,100.0,2,5,5,44.0,0,1
1,1,0,1,60.0,1,3,7,45.0,0,0
0,0,1,1,100.0,3,6,10,50.0,0,0
2,2,0,1,100.0,1,3,7,18.0,0,0
4,1,0,1,100.0,4,0,4,54.0,0,0
1,1,0,1,100.0,3,6,5,40.0,0,2
5,3,1,1,100.0,1,4,2,40.0,0,0
4,4,0,0,60.0,5,0,8,47.0,0,2
0,4,3,1,100.0,1,1,12,18.0,0,0
8,3,3,1,120.0,5,1,1,47.0,0,0
0,3,3,1,100.0,2,3,2,63.0,0,1
3,3,0,2,80.0,4,0,12,18.0,1,0
2,4,3,1,80.0,1,6,3,34.0,0,0
6,3,0,0,120.0,3,6,7,35.0,0,2
4,0,3,0,100.0,4,1,6,39.0,0,2
0,1,0,1,80.0,1,1,7,40.0,0,0
6,1,0,1,100.0,3,4,11,26.0,1,0
1,2,2,1,80.0,3,0,5,35.0,0,0
8,2,0,2,60.0,3,6,4,55.0,0,2
2,1,2,1,60.0,3,4,7,39.0,0,1
0,0,0,1,100.0,1,6,3,39.0,0,0
6,4,0,1,120.0,2,1,10,26.0,0,0
8,4,0,2,100.0,5,0,7,51.0,0,1
3,0,1,1,120.0,5,5,2,32.0,0,0
2,4,0,1,100.0,5,0,12,18.0,0,2
2,3,0,2,60.0,2,2,12,40.0,0,2
3,1,0,2,60.0,3,5,8,43.0,1,2
4,1,3,0,80.0,3,3,12,31.0,0,0
3,0,3,1,100.0,4,3,6,18.0,0,0
2,4,0,2,60.0,5,4,12,21.0,1,0
2,2,0,2,60.0,5,5,3,33.0,1,1
6,2,0,1,100.0,3,5,3,30.0,0,0
8,4,0,2,80.0,5,4,5,40.0,0,0
3,2,0,1,80.0,3,0,3,42.0,0,0
8,0,3,0,80.0,3,4,6,29.0,0,0
3,0,0,1,100.0,3,2,2,18.0,1,0
1,4,0,2,100.0,1,1,8,52.0,0,1
2,2,0,1,100.0,1,3,11,41.0,0,0
6,0,1,0,100.0,1,1,12,43.0,1,0
8,0,1,1,60.0,1,3,11,39.0,0,0
3,3,2,0,60.0,2,5,9,48.0,1,0
7,3,0,0,60.0,4,4,7,34.0,1,2
1,0,0,1,120.0,4,4,3,44.0,0,0
0,4,0,2,100.0,3,4,11,43.0,0,0
4,1,0,0,100.0,5,2,10,42.0,0,0
8,1,3,1,100.0,1,2,4,20.0,1,2
6,0,0,1,80.0,4,0,12,36.0,1,1
0,0,2,2,60.0,4,6,10,39.0,0,0
7,0,2,1,60.0,1,3,2,56.0,0,0
4,4,0,1,60.0,2,6,9,36.0,0,0
7,3,3,1,120.0,2,6,5,47.0,1,0
0,0,0,1,100.0,4,3,12,18.0,0,1
4,0,0,1,60.0,2,0,2,26.0,0,0
7,2,3,1,120.0,1,4,10,40.0,0,1
6,4,0,0,60.0,4,6,6,40.0,0,0
3,0,0,2,80.0,1,4,7,26.0,1,0
2,2,0,1,100.0,2,5,2,46.0,0,1
3,1,3,2,120.0,1,6,1,32.0,0,0
0,0,3,2,60.0,2,5,7,32.0,0,1
8,0,0,0,100.0,2,0,1,34.0,1,2
2,2,2,1,120.0,1,1,3,51.0,0,2
1,4,0,1,100.0,2,2,4,48.0,0,0
6,0,0,0,100.0,3,3,2,57.0,0,0
1,1,3,0,80.0,1,0,7,41.0,0,0
4,0,3,2,100.0,3,0,5,58.0,0,0
2,1,1,2,120.0,1,0,1,37.0,0,0
1,3,0,1,100.0,2,6,12,33.0,0,0
1,3,3,2,120.0,2,5,12,29.0,0,0
7,1,3,1,100.0,4,2,8,32.0,0,0
3,4,1,1,60.0,4,6,10,33.0,0,0
7,0,0,2,80.0,3,1,7,26.0,0,1
2,0,0,1,60.0,2,3,4,27.0,0,0
2,3,3,1,80.0,4,3,2,42.0,0,1
0,1,0,0,120.0,2,2,7,29.0,1,0
7,0,0,1,80.0,1,3,11,18.0,0,0
5,0,0,0,100.0,4,3,2,18.0,0,0
3,4,3,0,100.0,3,0,6,18.0,0,1
2,2,2,2,60.0,4,4,1,18.0,1,0
0,3,3,1,80.0,2,1,7,20.0,0,0
7,3,3,1,120.0,5,5,7,23.0,0,2
3,2,3,1,120.0,5,1,12,38.0,0,0
7,0,0,1,100.0,2,6,4,19.0,0,2
1,4,0,1,120.0,1,3,4,34.0,0,0
0,4,0,0,100.0,4,4,10,18.0,0,1
3,3,0,1,100.0,5,6,5,27.0,1,1
4,4,0,2,100.0,1,2,2,43.0,0,1
4,2,3,1,60.0,2,0,9,34.0,1,2
3,0,0,2,60.0,1,3,10,35.0,0,2
7,2,0,0,100.0,2,0,4,34.0,1,0
0,1,0,1,100.0,4,1,11,19.0,0,1
4,3,0,1,100.0,1,0,9,30.0,0,0
0,4,0,2,120.0,4,0,3,37.0,0,0
4,1,2,2,100.0,1,2,9,46.0,1,2
1,4,3,2,100.0,2,5,1,39.0,0,0
7,0,0,1,100.0,2,5,7,45.0,0,0
1,0,3,1,80.0,1,6,4,34.0,0,0
4,0,2,0,80.0,2,3,7,18.0,1,1
1,4,0,0,80.0,3,6,10,18.0,0,0
4,1,0,1,100.0,3,5,6,44.0,0,0
3,0,3,2,80.0,4,1,4,18.0,1,0
1,1,2,1,120.0,3,5,4,47.0,1,1
8,4,3,1,120.0,3,6,8,29.0,0,2
7,1,3,1,80.0,5,4,7,55.0,1,0
2,4,0,1,60.0,5,3,4,29.0,0,0
5,4,3,2,120.0,5,0,11,30.0,0,0
1,3,0,1,120.0,5,2,6,34.0,1,0
6,4,3,1,100.0,2,4,6,30.0,1,1
7,4,0,2,80.0,4,4,1,40.0,0,0
8,2,0,2,100.0,4,0,2,22.0,0,1
8,0,0,2,120.0,3,5,4,37.0,0,1
4,3,3,0,80.0,4,3,6,25.0,1,0
4,3,0,1,80.0,3,1,6,32.0,1,0
5,3,3,2,100.0,4,4,1,18.0,0,2
3,2,3,2,120.0,1,1,8,45.0,1,0
6,4,0,2,80.0,1,2,2,30.0,0,0
2,0,0,1,100.0,4,2,5,45.0,0,2
5,1,0,1,80.0,2,2,4,26.0,0,1
0,4,2,0,60.0,3,6,5,34.0,0,0
2,2,3,1,60.0,4,4,5,46.0,0,0
1,4,0,0,80.0,3,2,10,20.0,1,0
7,4,0,2,120.0,5,6,8,24.0,0,0
0,2,3,2,100.0,4,2,10,44.0,0,1
0,3,2,2,100.0,2,5,7,51.0,1,0
5,3,2,2,80.0,5,4,12,35.0,0,2
3,0,3,1,100.0,4,6,9,23.0,0,1
5,0,0,2,60.0,1,2,12,31.0,0,0
1,3,0,2,120.0,4,3,11,58.0,1,0
3,1,0,1,100.0,1,6,1,18.0,0,0
1,4,0,1,60.0,1,2,6,41.0,0,0
3,1,0,1,60.0,4,5,6,36.0,0,0
8,4,0,0,60.0,4,1,2,21.0,1,2
0,3,0,1,100.0,1,2,11,31.0,0,2
6,0,1,2,60.0,3,1,8,18.0,0,1
7,0,3,1,80.0,5,4,6,38.0,0,2
1,1,2,1,60.0,2,5,11,40.0,0,0
2,0,3,2,80.0,4,3,10,18.0,0,0
3,3,0,1,120.0,5,4,9,34.0,1,1
7,1,3,2,80.0,5,3,10,27.0,0,0
2,4,0,2,120.0,3,1,5,25.0,1,0
7,0,3,2,120.0,5,5,7,23.0,1,2
6,2,0,1,80.0,4,0,6,42.0,0,1
2,0,1,0,120.0,5,5,11,34.0,0,0
5,4,0,2,80.0,4,5,5,18.0,1,0
4,1,0,0,100.0,4,3,6,27.0,1,0
5,4,1,1,120.0,1,0,4,28.0,0,0
4,2,0,2,80.0,3,6,3,42.0,0,0
5,3,3,0,120.0,2,6,1,33.0,0,2
4,0,3,0,60.0,1,6,1,33.0,0,0
4,1,2,1,80.0,2,1,6,18.0,0,0
0,3,1,1,60.0,4,5,9,32.0,1,1
3,4,1,1,120.0,1,2,8,34.0,0,0
3,1,0,1,120.0,5,0,12,37.0,1,1
0,3,2,1,100.0,5,2,2,43.0,0,0
7,1,3,1,80.0,2,1,9,25.0,0,0
8,2,3,0,60.0,4,0,8,39.0,0,0
7,2,0,1,100.0,2,2,12,29.0,0,0
2,0,3,2,100.0,3,3,9,49.0,0,0
2,0,0,1,120.0,5,1,4,37.0,0,1
4,2,1,1,100.0,1,1,9,22.0,0,0
5,1,0,1,60.0,1,1,2,49.0,0,0
5,2,0,1,120.0,1,0,1,44.0,1,2
3,0,0,2,120.0,5,2,9,30.0,1,0
1,2,2,0,80.0,4,2,10,40.0,0,1
7,2,3,1,100.0,5,4,8,40.0,1,2
6,1,0,1,120.0,5,1,7,29.0,0,1
5,3,0,1,60.0,1,6,8,35.0,0,1
6,0,0,0,80.0,5,5,12,37.0,0,0
4,1,0,2,100.0,1,3,1,26.0,0,0
6,2,1,2,60.0,4,3,9,51.0,0,0
0,2,3,2,120.0,3,4,12,18.0,0,0
6,3,0,2,100.0,1,4,10,43.0,0,0
8,0,3,1,100.0,2,0,11,20.0,0,0
4,0,0,1,60.0,3,4,9,32.0,1,0
7,4,1,0,100.0,4,2,12,18.0,1,1
0,0,0,2,60.0,3,0,11,19.0,0,2
5,3,0,2,120.0,1,0,9,33.0,0,1
2,4,0,2,80.0,4,3,6,35.0,0,0
7,4,3,1,60.0,2,3,4,47.0,1,0
2,2,3,2,80.0,1,6,2,30.0,0,1
4,2,3,2,100.0,1,1,11,42.0,0,0
0,0,0,1,60.0,4,4,4,34.0,0,1
3,4,0,2,120.0,4,1,7,41.0,0,1
5,2,0,0,60.0,3,1,1,21.0,0,0
8,3,3,1,60.0,2,1,9,36.0,0,0
3,2,0,1,60.0,3,0,3,39.0,1,0
4,2,3,1,80.0,3,1,4,29.0,0,0
7,4,2,2,80.0,1,4,12,39.0,0,0
8,4,2,1,100.0,4,0,5,34.0,0,2
6,1,0,2,100.0,1,4,12,28.0,0,0
8,3,0,0,100.0,2,0,3,44.0,0,0
4,4,0,1,100.0,3,5,4,34.0,0,0
1,0,3,0,60.0,2,5,5,18.0,1,0
6,3,2,0,80.0,4,5,12,22.0,0,1
2,3,0,1,80.0,4,5,1,38.0,1,0
5,4,0,1,80.0,5,0,9,25.0,1,2
2,3,2,0,80.0,2,1,10,34.0,1,2
8,4,2,0,100.0,1,6,10,34.0,0,2
2,2,0,1,60.0,2,3,4,36.0,0,0
4,1,3,1,100.0,3,2,9,27.0,0,0
7,2,0,1,120.0,4,6,4,20.0,0,1
5,4,0,0,60.0,4,5,1,35.0,0,0
2,4,1,1,120.0,2,1,12,44.0,1,1
2,2,2,2,60.0,2,4,5,20.0,1,0
8,0,3,2,60.0,2,1,9,53.0,1,1
7,0,0,1,60.0,3,4,3,28.0,0,2
3,0,2,2,120.0,3,6,5,27.0,0,0
2,4,0,1,80.0,1,1,3,36.0,0,0
4,3,0,0,80.0,2,1,12,36.0,0,0
1,4,3,1,120.0,1,2,3,18.0,1,1
5,3,0,2,80.0,5,6,1,33.0,0,0
2,2,3,2,100.0,3,1,2,41.0,0,0
4,1,3,1,80.0,4,4,2,47.0,1,0
4,3,0,1,100.0,5,3,9,33.0,0,0
5,0,0,1,100.0,4,1,7,30.0,1,1
3,4,0,1,100.0,5,4,8,43.0,0,0
4,2,0,2,120.0,1,5,2,56.0,1,0
1,0,3,2,100.0,1,1,9,36.0,0,1
4,2,2,1,80.0,3,4,3,32.0,0,0
4,1,0,2,100.0,4,3,10,50.0,0,0
4,4,0,2,120.0,5,6,2,21.0,0,2
3,4,3,2,80.0,2,5,12,35.0,1,2
2,1,2,1,120.0,2,1,1,63.0,0,0
4,4,0,1,120.0,3,2,9,40.0,1,0
7,3,0,1,100.0,4,4,8,44.0,1,0
2,2,3,2,120.0,2,3,12,31.0,0,2
3,0,0,1,100.0,3,2,11,42.0,0,0
0,1,0,1,60.0,3,1,4,49.0,0,0
2,3,3,1,100.0,4,4,7,18.0,0,1
2,0,3,2,100.0,2,1,12,33.0,0,1
6,0,3,1,120.0,2,5,3,39.0,0,0
8,1,0,1,80.0,2,3,3,34.0,0,0
6,3,3,1,60.0,1,3,4,29.0,0,0
1,0,0,1,60.0,2,5,2,51.0,0,2
8,0,0,2,60.0,5,1,10,37.0,1,1
5,3,0,1,80.0,1,1,4,26.0,0,0
5,4,0,1,60.0,1,0,10,46.0,1,0
3,0,3,2,60.0,1,1,3,51.0,0,1
8,2,2,1,80.0,1,3,8,48.0,0,0
2,3,1,1,60.0,3,1,11,30.0,1,0
5,0,3,0,120.0,5,2,2,30.0,0,1
4,1,0,1,120.0,4,2,11,22.0,0,0
7,2,0,1,100.0,2,5,9,38.0,0,0
2,0,2,1,100.0,1,2,3,48.0,0,0
1,2,3,1,100.0,4,1,4,41.0,0,0
4,2,3,2,120.0,3,6,10,56.0,0,1
4,4,3,2,120.0,4,1,10,18.0,0,0
8,2,3,2,120.0,1,3,3,36.0,1,1
3,4,2,1,100.0,5,0,3,44.0,1,0
1,3,0,1,100.0,4,4,8,27.0,0,0
5,4,3,2,100.0,1,3,8,21.0,0,0
8,1,2,0,100.0,1,5,6,20.0,0,0
5,0,0,1,100.0,2,2,4,36.0,1,1
8,3,3,1,100.0,2,6,1,20.0,0,1
8,3,0,1,120.0,5,3,4,34.0,0,0
8,1,1,1,80.0,2,4,8,41.0,0,0
3,4,0,1,80.0,5,6,6,34.0,0,2
8,0,3,1,100.0,3,5,2,34.0,0,2
0,4,0,2,80.0,3,2,3,47.0,0,0
7,2,3,2,80.0,2,0,12,51.0,0,2
5,4,0,1,120.0,3,3,7,23.0,0,0
2,3,0,1,100.0,4,3,11,26.0,0,0
6,0,0,2,100.0,4,3,11,30.0,0,1
1,4,1,1,80.0,4,5,4,27.0,1,2
3,0,0,2,100.0,3,6,4,18.0,0,0
2,0,0,1,100.0,4,6,5,25.0,0,0
4,2,3,2,100.0,5,5,8,26.0,0,1
0,2,3,1,100.0,1,3,7,20.0,0,2
6,3,1,1,100.0,2,1,9,40.0,0,0
2,1,0,1,60.0,5,5,5,33.0,0,0
2,0,3,1,80.0,4,2,1,42.0,0,0
0,1,0,1,120.0,1,2,4,23.0,0,0
6,3,0,2,60.0,2,0,6,42.0,0,1
4,0,3,1,60.0,5,5,6,36.0,0,0
8,0,3,1,60.0,2,4,9,28.0,1,2
5,1,3,2,80.0,3,2,10,54.0,0,1
4,4,0,2,120.0,4,2,5,36.0,0,0
8,2,0,0,80.0,5,2,5,28.0,0,0
3,4,0,2,100.0,5,1,6,38.0,0,0
7,1,1,1,80.0,1,4,11,23.0,0,0
1,2,0,2,80.0,1,3,6,32.0,1,0
1,4,0,0,80.0,1,3,3,59.0,0,0
5,2,0,2,60.0,2,5,6,18.0,0,0
6,0,3,1,80.0,4,1,8,28.0,0,0
0,4,0,1,120.0,2,2,12,33.0,0,0
6,2,1,1,120.0,4,3,6,30.0,1,0
0,2,0,2,120.0,5,4,12,28.0,0,1
6,2,2,2,60.0,2,3,11,55.0,0,0
7,4,0,2,80.0,2,4,5,28.0,0,0
3,3,3,1,80.0,2,1,3,39.0,0,0
3,4,1,2,100.0,3,3,1,27.0,0,1
8,1,0,2,60.0,4,2,5,39.0,0,2
3,4,1,1,120.0,4,1,6,46.0,0,0
3,2,0,2,120.0,2,6,6,34.0,0,0
4,0,1,1,100.0,3,2,6,28.0,0,0
4,4,3,0,120.0,2,1,3,33.0,0,0
8,4,0,2,80.0,4,5,4,41.0,0,0
5,2,0,2,80.0,5,3,3,45.0,0,0
4,0,0,2,100.0,3,2,2,38.0,0,0
5,0,0,0,60.0,3,0,8,34.0,1,1
2,1,0,1,80.0,2,2,7,50.0,0,0
4,4,0,1,100.0,5,6,11,27.0,0,0
7,0,0,2,80.0,4,1,8,30.0,1,1
8,0,3,1,100.0,1,0,6,56.0,0,2
2,3,0,1,80.0,4,6,11,34.0,1,1
7,3,0,0,60.0,4,5,12,42.0,0,0
7,0,3,2,60.0,5,2,7,24.0,1,2
7,1,0,1,120.0,3,3,1,47.0,0,0
5,0,0,1,60.0,4,0,10,21.0,0,0
6,2,0,1,120.0,3,3,5,20.0,0,0
2,4,1,1,60.0,5,1,4,45.0,1,2
0,1,2,1,120.0,5,1,10,30.0,0,0
2,2,0,2,80.0,2,5,3,32.0,0,0
6,1,3,1,100.0,1,6,2,40.0,0,2
2,2,3,1,100.0,5,0,9,31.0,1,1
3,4,3,1,100.0,5,5,8,22.0,0,1
0,4,3,0,100.0,3,6,10,28.0,0,0
6,3,3,1,100.0,5,4,2,23.0,0,0
5,2,0,1,60.0,4,4,6,48.0,0,2
1,3,0,1,120.0,2,6,3,49.0,0,0
6,2,0,2,80.0,2,1,3,24.0,0,1
8,3,2,2,100.0,4,1,5,40.0,1,2
6,4,0,1,60.0,5,4,7,31.0,0,0
3,1,2,1,60.0,1,1,7,34.0,1,0
1,3,1,1,80.0,5,3,11,63.0,0,0
3,2,0,2,80.0,2,1,10,43.0,0,0
1,2,3,2,100.0,1,6,1,28.0,0,0
8,4,3,1,100.0,3,2,11,21.0,0,2
5,2,1,1,100.0,3,6,7,37.0,0,0
3,0,1,1,100.0,5,1,7,33.0,0,2
3,1,3,1,80.0,5,6,6,18.0,1,1
7,3,0,2,100.0,1,0,6,35.0,0,2
1,1,3,1,100.0,1,4,2,34.0,1,2
4,4,0,1,120.0,5,2,3,44.0,0,0
1,3,3,1,60.0,2,0,3,21.0,0,1
7,3,1,0,60.0,3,0,3,34.0,0,0
2,0,0,0,120.0,1,1,2,39.0,0,1
1,4,3,1,60.0,2,1,9,40.0,0,0
5,2,0,1,100.0,5,0,6,18.0,1,1
7,0,0,1,100.0,4,0,2,33.0,1,0
2,0,0,1,120.0,1,5,3,38.0,0,0
0,1,3,1,100.0,4,5,10,32.0,1,0
7,1,1,2,60.0,2,3,6,18.0,0,0
0,1,1,2,80.0,3,4,4,33.0,0,0
3,0,0,0,100.0,2,0,7,44.0,0,2
7,2,2,1,120.0,3,6,6,28.0,0,1
8,3,3,2,100.0,2,2,6,29.0,0,0
0,1,0,2,60.0,1,5,12,51.0,0,1
5,2,0,1,80.0,1,1,3,32.0,0,1
8,4,0,1,60.0,4,0,11,36.0,0,0
6,1,1,1,100.0,2,6,8,18.0,0,0
6,3,3,1,80.0,2,2,9,22.0,0,0
2,4,3,1,100.0,4,6,6,61.0,0,0
3,4,0,2,100.0,5,3,2,54.0,0,0
7,3,3,1,60.0,2,6,1,40.0,1,0
4,1,0,0,120.0,2,1,3,18.0,0,0
5,0,0,1,80.0,2,5,3,19.0,0,2
0,3,3,0,80.0,5,6,8,18.0,0,0
8,3,0,1,80.0,1,2,5,18.0,0,0
6,3,2,2,120.0,4,5,1,30.0,0,0
5,4,0,1,80.0,5,3,11,44.0,0,0
4,2,3,1,120.0,3,3,4,27.0,0,0
7,0,0,0,80.0,3,4,7,31.0,0,0
2,1,3,1,60.0,5,1,5,31.0,0,0
4,1,0,2,60.0,5,5,10,45.0,1,1
5,2,0,2,60.0,1,3,6,45.0,0,1
4,3,1,1,60.0,3,3,10,36.0,1,0
5,0,0,1,120.0,4,5,4,50.0,0,1
5,1,2,2,100.0,2,6,2,30.0,1,0
1,1,1,1,100.0,2,2,9,55.0,0,0
0,3,0,2,60.0,1,6,2,27.0,0,0
6,2,0,0,100.0,1,2,2,18.0,0,0
1,0,3,1,100.0,3,3,12,19.0,0,0
7,2,1,1,80.0,4,3,2,18.0,1,0
1,2,1,2,120.0,4,1,1,26.0,0,0
3,0,3,1,60.0,5,5,12,34.0,0,0
3,0,3,1,100.0,1,0,12,29.0,0,1
6,1,0,1,100.0,2,3,3,18.0,0,0
4,1,1,2,60.0,2,2,6,18.0,0,0
0,0,1,1,80.0,3,2,7,34.0,1,0
6,4,0,1,60.0,2,6,1,53.0,0,0
5,1,0,2,80.0,4,6,5,37.0,1,0
8,4,0,1,100.0,4,3,5,34.0,1,0
0,0,0,1,120.0,1,3,1,39.0,1,1
0,1,2,0,80.0,3,4,4,18.0,0,0
5,2,0,2,80.0,2,2,10,42.0,0,0
5,0,0,2,60.0,1,1,1,21.0,0,1
2,3,0,1,100.0,5,5,1,29.0,1,2
6,4,1,2,120.0,5,5,12,26.0,1,0
5,0,3,1,100.0,2,5,7,33.0,0,0
3,0,0,1,60.0,2,2,7,32.0,0,0
7,1,0,1,120.0,2,6,3,30.0,1,2
8,1,1,1,100.0,4,1,7,31.0,0,0
6,1,2,2,120.0,2,5,3,38.0,0,0
3,3,0,1,60.0,5,2,2,31.0,1,0
4,1,0,2,60.0,2,0,10,32.0,1,0
5,0,0,2,80.0,3,3,4,58.0,1,0
5,1,0,2,120.0,5,4,10,47.0,0,0
0,2,3,1,120.0,3,4,3,29.0,0,0
3,1,1,2,120.0,5,5,12,36.0,0,0
0,3,0,1,60.0,1,6,7,34.0,0,0
2,2,0,1,100.0,5,4,12,35.0,0,2
0,0,0,0,60.0,5,4,12,34.0,1,0
2,0,0,1,80.0,3,4,1,36.0,1,1
2,4,3,1,60.0,3,4,6,31.0,0,0
5,2,0,0,60.0,5,5,2,27.0,0,0
4,4,0,1,60.0,5,2,8,30.0,0,0
0,2,3,2,80.0,4,1,5,18.0,0,1
3,2,0,1,120.0,1,1,3,34.0,0,0
2,3,0,1,100.0,1,6,10,40.0,0,0
5,4,3,1,100.0,2,2,7,59.0,0,0
8,3,1,1,80.0,5,3,11,20.0,1,0
6,2,0,1,120.0,5,0,2,30.0,0,1
4,0,2,2,100.0,5,1,5,49.0,0,1
1,2,0,2,80.0,5,0,11,39.0,0,2
8,3,3,0,100.0,1,1,8,54.0,0,1
6,4,3,1,120.0,3,1,11,52.0,1,0
8,4,2,2,100.0,4,6,1,18.0,0,1
0,3,0,2,80.0,3,4,1,38.0,1,1
2,4,3,0,100.0,3,6,3,38.0,0,0
4,1,3,1,60.0,1,1,3,34.0,0,0
7,0,0,2,80.0,4,2,7,29.0,0,0
2,0,0,0,100.0,5,4,6,53.0,1,2
7,0,0,1,100.0,1,2,7,34.0,0,1
6,4,0,0,60.0,1,2,4,18.0,0,0
5,4,2,1,80.0,4,2,11,29.0,0,0
1,2,0,2,120.0,2,4,2,59.0,0,1
3,2,0,0,120.0,1,2,2,21.0,0,0
2,0,3,2,100.0,3,4,10,49.0,1,1
4,1,0,1,60.0,3,0,1,47.0,1,0
8,2,3,1,100.0,5,3,9,31.0,0,1
4,2,0,0,60.0,1,1,7,37.0,0,0
6,4,1,1,120.0,5,5,10,34.0,0,0
7,1,2,1,100.0,1,2,3,28.0,0,1
8,0,2,2,100.0,4,6,2,34.0,0,1
3,2,0,1,60.0,1,0,3,52.0,0,0
3,1,3,1,80.0,2,6,7,32.0,0,0
2,1,0,1,60.0,3,5,5,25.0,0,0
6,0,0,1,80.0,4,4,12,41.0,1,0
5,1,0,2,120.0,3,5,3,40.0,0,0
6,1,0,2,100.0,5,6,9,18.0,0,0
7,1,0,2,100.0,4,5,2,27.0,1,0
4,2,3,2,60.0,2,1,7,18.0,0,0
3,0,0,0,60.0,3,5,10,64.5,0,0
4,1,0,2,120.0,1,2,6,30.0,0,0
4,1,3,1,120.0,1,1,6,34.0,0,1
4,2,0,2,80.0,1,2,7,28.0,0,0
3,0,3,1,120.0,4,3,6,25.0,0,0
0,4,0,2,120.0,2,3,2,32.0,0,0
7,2,2,2,120.0,2,5,11,49.0,0,1
7,0,3,1,120.0,2,1,5,36.0,1,1
8,1,0,0,80.0,3,1,3,18.0,0,1
6,0,0,1,120.0,4,3,9,21.0,1,1
6,0,3,2,80.0,1,5,8,37.0,1,0
1,0,2,1,60.0,3,0,10,25.0,1,1
6,4,0,0,100.0,2,4,11,32.0,0,0
3,0,0,1,60.0,1,4,2,64.5,0,0
5,4,2,1,120.0,4,4,1,34.0,0,0
2,1,3,1,100.0,5,1,4,18.0,0,0
1,4,0,1,120.0,2,3,4,26.0,0,2
2,1,0,1,120.0,2,4,12,18.0,0,0
7,1,0,2,60.0,2,3,10,50.0,0,0
2,4,3,1,120.0,2,1,11,21.0,0,0
2,2,0,1,60.0,1,3,2,34.0,0,0
1,3,1,1,100.0,4,0,7,18.0,0,0
8,0,0,2,80.0,3,5,3,18.0,0,0
4,3,0,2,100.0,1,3,7,34.0,1,1
6,0,3,2,60.0,4,3,7,25.0,0,0
6,0,1,2,60.0,3,5,1,18.0,0,1
3,1,2,1,100.0,2,1,6,30.0,0,0
1,0,0,1,60.0,4,1,4,39.0,0,1
3,0,3,1,100.0,2,3,11,29.0,0,2
5,4,0,2,80.0,4,0,8,42.0,0,1
5,3,0,0,120.0,5,4,8,55.0,1,0
3,4,0,1,80.0,2,0,3,44.0,1,0
1,0,0,1,120.0,2,5,4,34.0,0,0
3,1,0,1,100.0,2,5,1,44.0,0,2
6,4,1,1,80.0,1,2,10,61.0,1,0
0,4,0,2,100.0,3,4,2,18.0,0,1
2,2,1,1,100.0,2,3,7,42.0,0,0
0,0,3,0,120.0,2,5,11,23.0,1,1
1,1,3,1,60.0,1,2,12,37.0,1,0
0,4,0,0,60.0,1,1,7,19.0,0,0
5,4,0,2,100.0,5,5,9,44.0,0,0
7,1,0,2,120.0,4,6,10,38.0,0,0
2,0,0,2,60.0,2,4,9,52.0,0,0
4,2,3,2,80.0,4,2,9,31.0,0,1
1,4,0,2,100.0,1,4,6,31.0,0,0
2,2,3,2,120.0,1,4,8,31.0,0,1
0,3,0,2,60.0,5,6,9,64.0,0,0
5,0,0,0,60.0,3,0,12,42.0,1,2
8,3,0,2,100.0,1,1,7,51.0,0,0
4,3,1,2,120.0,2,4,4,43.0,0,0
2,3,3,0,80.0,5,5,4,45.0,0,0
5,0,0,1,60.0,3,1,6,18.0,0,0
5,0,3,1,120.0,5,5,11,28.0,0,1
0,1,0,1,60.0,1,1,4,27.0,1,1
6,2,1,2,100.0,3,3,11,35.0,0,1
0,2,3,2,100.0,4,1,7,33.0,0,0
6,1,0,1,120.0,3,2,8,18.0,0,1
6,1,3,2,100.0,2,5,8,35.0,0,1
4,3,0,2,80.0,4,5,8,18.0,0,0
0,1,1,1,60.0,4,3,2,44.0,0,0
8,4,0,2,100.0,2,1,10,34.0,0,1
3,2,3,2,120.0,4,4,2,49.0,0,1
3,1,0,1,100.0,1,5,2,37.0,0,2
0,4,3,2,120.0,3,3,2,29.0,0,0
0,4,3,2,100.0,3,6,4,18.0,0,1
4,4,0,1,80.0,2,6,5,30.0,1,2
0,4,3,1,100.0,1,1,4,25.0,0,1
6,3,2,0,100.0,4,0,5,39.0,1,0
5,4,0,1,80.0,3,1,4,29.0,0,0
5,3,0,1,80.0,3,3,7,42.0,0,0
6,3,0,1,60.0,3,1,10,51.0,0,0
1,4,1,2,120.0,3,4,1,18.0,0,2
6,2,0,2,60.0,5,4,1,34.0,0,0
8,4,3,2,80.0,2,2,2,34.0,0,0
7,4,3,1,60.0,4,3,1,38.0,1,0
2,4,0,0,60.0,4,0,12,43.0,0,0
6,2,0,1,100.0,2,3,10,54.0,0,0
0,0,0,1,60.0,1,3,12,21.0,0,0
0,0,0,1,80.0,2,0,12,18.0,0,0
4,3,0,1,60.0,3,3,10,37.0,1,0
6,3,0,0,120.0,3,0,11,40.0,1,1
4,2,2,0,100.0,2,0,3,43.0,0,0
6,1,1,1,80.0,2,0,6,25.0,0,0
2,0,0,0,60.0,4,3,10,18.0,1,0
7,3,0,2,120.0,4,3,11,49.0,0,1
5,0,0,0,80.0,5,1,6,41.0,0,0
3,2,0,1,60.0,5,3,1,34.0,1,0
6,2,0,2,100.0,3,1,6,18.0,0,1
7,1,0,1,60.0,5,2,5,26.0,0,0
5,1,0,2,80.0,5,6,7,43.0,1,1
1,2,3,1,80.0,1,6,6,40.0,1,1
2,3,3,2,80.0,2,2,12,18.0,0,0
4,0,0,1,120.0,4,2,12,42.0,0,0
4,4,3,1,60.0,5,5,7,33.0,1,1
0,1,0,2,60.0,4,1,2,50.0,1,0
5,4,0,0,60.0,5,0,12,26.0,1,0
1,3,3,2,100.0,5,5,1,27.0,0,1
7,1,2,0,120.0,3,4,7,36.0,1,1
2,4,0,1,120.0,1,1,9,29.0,0,0
5,3,1,2,100.0,2,3,2,24.0,0,0
1,0,0,1,120.0,2,2,12,57.0,0,0
3,3,3,1,100.0,3,6,7,52.0,0,0
6,1,0,2,80.0,3,1,3,23.0,1,1
4,2,2,2,80.0,2,2,6,37.0,1,2
7,0,1,2,120.0,2,1,3,18.0,0,0
4,4,0,2,80.0,1,3,10,55.0,0,0
7,1,1,2,80.0,5,1,11,44.0,0,0
0,2,2,1,80.0,1,3,11,47.0,1,0
7,3,3,1,60.0,2,1,11,31.0,0,0
4,2,0,2,100.0,5,4,5,49.0,0,0
7,1,2,1,60.0,2,6,2,49.0,0,0
3,1,0,1,100.0,1,1,8,33.0,1,0
0,2,0,1,100.0,1,2,8,21.0,0,0
7,3,1,2,100.0,1,4,7,40.0,0,0
5,2,0,1,100.0,5,5,6,33.0,1,2
8,1,0,2,100.0,4,1,1,57.0,0,0
1,1,3,2,80.0,4,3,8,35.0,0,1
8,4,3,1,80.0,2,4,1,36.0,0,1
8,4,3,2,80.0,5,0,8,44.0,1,2
2,0,0,2,100.0,3,5,11,35.0,0,0
3,1,1,2,100.0,4,6,2,43.0,0,0
5,4,0,2,60.0,5,1,8,28.0,0,0
6,2,0,1,120.0,5,1,10,21.0,1,0
7,3,0,2,80.0,4,4,12,24.0,0,0
1,2,3,1,120.0,5,6,4,30.0,0,0
0,3,1,0,100.0,5,0,7,36.0,0,0
5,4,3,2,100.0,4,5,5,40.0,0,0
4,0,2,2,100.0,1,2,8,40.0,0,0
6,2,0,1,120.0,2,6,12,35.0,1,0
2,2,3,1,60.0,3,1,6,22.0,1,0
2,2,0,1,100.0,2,4,5,43.0,0,0
5,3,0,1,60.0,1,0,1,18.0,0,0
8,4,0,1,60.0,1,4,3,20.0,0,0
4,2,3,2,80.0,5,5,10,35.0,0,2
2,2,3,1,120.0,2,3,9,44.0,0,0
1,0,3,0,100.0,1,3,9,42.0,1,2
2,0,0,1,60.0,2,6,5,33.0,1,0
0,4,0,0,120.0,1,4,3,34.0,0,2
7,4,3,0,120.0,3,2,6,22.0,0,0
2,1,0,2,100.0,1,2,5,28.0,0,1
0,0,2,2,80.0,2,3,1,28.0,1,0
5,1,0,1,80.0,5,3,2,23.0,0,0
5,3,0,2,60.0,2,4,12,34.0,0,0
6,1,1,1,80.0,4,1,5,32.0,0,0
2,2,3,1,80.0,2,4,9,29.0,1,1
1,1,0,2,80.0,3,0,12,31.0,1,2
2,4,3,1,120.0,3,6,4,18.0,0,0
1,3,0,2,100.0,3,5,9,39.0,0,0
3,2,2,1,120.0,1,2,3,30.0,0,0
6,1,2,1,120.0,3,4,1,30.0,1,1
3,3,1,1,100.0,2,0,6,18.0,1,0
2,3,3,1,120.0,5,3,10,53.0,0,1
6,2,0,1,60.0,3,2,7,34.0,0,0
3,1,3,1,60.0,2,2,4,18.0,0,0
8,3,0,1,120.0,1,5,10,32.0,0,0
2,3,3,2,80.0,1,2,5,46.0,0,0
3,0,3,1,120.0,5,0,4,30.0,0,1
8,3,0,2,80.0,5,2,3,27.0,0,0
8,0,0,1,120.0,2,2,1,26.0,0,0
5,1,2,0,60.0,5,4,6,34.0,0,2
2,1,2,1,100.0,5,4,10,64.5,1,0
8,1,0,1,60.0,1,3,5,44.0,0,0
5,4,0,2,120.0,2,6,11,21.0,0,0
3,1,0,1,100.0,5,1,1,27.0,0,0
0,3,2,2,100.0,2,0,5,31.0,0,0
2,2,0,1,80.0,3,1,6,24.0,1,0
6,0,3,0,120.0,1,1,10,22.0,0,0
1,4,0,1,120.0,1,2,5,43.0,0,0
1,1,3,1,80.0,1,3,1,28.0,0,2
3,1,0,2,100.0,4,5,5,39.0,0,0
3,2,3,1,120.0,2,5,10,56.0,0,1
8,2,0,2,100.0,3,2,1,28.0,0,0
2,4,3,1,120.0,5,3,11,38.0,0,0
1,0,0,2,100.0,3,0,3,22.0,1,0
1,1,3,1,80.0,2,1,12,39.0,0,0
8,4,2,2,60.0,1,6,2,50.0,0,0
1,3,0,2,120.0,4,3,1,49.0,1,0
6,3,2,1,100.0,2,1,4,35.0,0,1
2,4,3,1,80.0,2,5,2,28.0,1,0
7,1,0,1,80.0,5,1,5,37.0,1,0
1,4,0,0,100.0,3,4,10,35.0,0,0
3,1,0,1,120.0,3,4,1,40.0,0,0
6,2,3,1,60.0,5,6,12,27.0,0,0
1,4,3,1,120.0,4,0,10,30.0,1,2
6,1,0,1,80.0,1,1,1,34.0,0,0
5,4,0,2,60.0,1,4,11,42.0,1,0
7,4,2,0,120.0,4,0,10,44.0,1,0
4,1,1,2,60.0,5,3,4,29.0,1,0
3,1,3,2,100.0,2,3,7,21.0,1,2
3,0,1,2,120.0,3,4,2,39.0,0,0
2,4,3,1,80.0,2,0,2,43.0,1,0
6,3,0,1,80.0,3,0,1,33.0,0,0
8,4,2,2,60.0,2,4,5,26.0,0,0
3,4,0,0,100.0,5,2,6,29.0,0,2
6,1,0,0,120.0,5,5,6,54.0,0,1
6,4,0,1,100.0,4,0,2,37.0,0,0
0,4,2,1,100.0,2,3,12,47.0,0,0
0,3,2,1,60.0,2,2,12,25.0,0,1
4,1,0,0,60.0,4,1,7,49.0,0,0
5,4,0,0,120.0,4,2,6,45.0,0,1
4,2,0,2,80.0,5,4,8,33.0,1,0
1,0,3,1,120.0,5,2,6,42.0,0,0
8,3,0,2,100.0,2,5,9,50.0,1,1
1,4,3,1,60.0,5,4,10,21.0,0,0
1,2,0,1,100.0,5,6,2,28.0,0,0
2,4,0,2,60.0,2,1,7,41.0,0,0
1,4,0,1,80.0,4,3,5,35.0,0,0
4,1,0,1,100.0,2,6,1,39.0,1,0
3,1,1,0,60.0,1,2,3,43.0,1,0
3,1,0,2,120.0,2,0,4,40.0,1,1
0,2,0,1,120.0,1,2,12,31.0,0,0
8,4,0,2,120.0,2,3,2,34.0,0,0
8,0,0,1,100.0,1,3,7,53.0,0,2
2,3,0,2,60.0,1,0,1,36.0,0,0
4,1,0,2,60.0,2,6,3,51.0,1,1
0,1,3,2,60.0,5,6,12,52.0,1,1
8,4,3,2,100.0,3,0,9,25.0,0,0
3,4,0,1,60.0,5,5,11,43.0,1,1
1,2,0,1,80.0,1,1,2,22.0,1,0
1,2,1,1,100.0,2,4,5,54.0,0,0
0,1,0,1,80.0,2,6,4,37.0,0,0
4,4,0,2,80.0,2,1,12,36.0,1,0
4,0,0,1,120.0,2,4,3,24.0,0,0
5,3,0,1,100.0,3,2,5,27.0,0,0
7,4,3,1,60.0,4,4,6,37.0,0,0
8,4,0,0,80.0,1,6,1,36.0,0,0
4,2,3,1,100.0,3,5,2,30.0,0,0
3,3,0,2,60.0,5,5,1,45.0,0,0
0,1,0,1,120.0,4,1,3,34.0,0,0
5,4,3,1,100.0,4,2,8,22.0,0,0
6,1,0,1,100.0,2,1,8,43.0,1,1
2,4,3,2,100.0,3,0,4,34.0,1,1
6,1,0,2,60.0,5,5,6,18.0,0,1
1,3,3,0,80.0,2,1,12,36.0,1,0
2,2,0,1,80.0,2,0,9,22.0,1,0
8,3,2,1,100.0,1,2,7,37.0,0,0
3,0,0,0,100.0,4,3,2,44.0,1,2
2,2,2,1,60.0,5,4,11,46.0,0,0
7,3,0,2,120.0,4,1,2,40.0,0,0
6,0,3,2,100.0,3,0,3,19.0,0,2
8,4,0,1,100.0,1,5,8,26.0,0,0
7,4,1,2,120.0,2,4,10,35.0,0,0
1,1,0,1,100.0,1,1,9,35.0,1,1
7,2,0,1,80.0,2,5,3,23.0,0,0
5,4,0,1,100.0,1,3,9,29.0,1,1
5,2,0,2,80.0,2,4,12,44.0,0,0
0,4,0,1,60.0,4,6,12,41.0,1,0
8,1,1,2,60.0,4,5,10,31.0,0,1
1,3,1,0,80.0,4,6,12,47.0,0,0
4,1,0,2,80.0,4,2,8,19.0,0,0
5,0,1,2,120.0,1,1,5,44.0,0,0
8,4,3,1,80.0,2,3,11,43.0,0,0
4,0,0,1,80.0,4,0,10,43.0,0,0
0,0,3,1,100.0,1,1,3,38.0,0,0
7,2,3,2,100.0,2,5,11,27.0,0,0
5,4,1,0,80.0,1,6,7,34.0,1,0
8,0,0,0,80.0,4,6,9,30.0,0,2
2,3,3,0,80.0,3,4,12,37.0,0,0
4,0,0,0,100.0,1,1,6,26.0,1,1
7,3,0,1,100.0,4,1,3,30.0,0,0
5,2,0,2,100.0,5,5,5,33.0,0,1
1,0,1,0,60.0,2,6,7,39.0,0,1
4,1,2,1,100.0,4,5,8,41.0,0,2
5,2,3,0,80.0,5,5,12,55.0,0,0
4,3,3,1,100.0,1,2,4,36.0,0,2
7,2,0,2,100.0,1,6,2,23.0,0,0
5,0,0,2,120.0,5,5,10,44.0,1,1
6,4,0,0,80.0,5,6,2,39.0,1,1
8,4,0,1,100.0,2,5,12,32.0,1,0
7,3,3,2,100.0,1,0,3,30.0,0,2
4,3,3,2,120.0,5,5,8,27.0,0,0
1,4,0,1,100.0,3,5,1,27.0,0,0
2,3,0,2,120.0,3,3,7,34.0,0,0
4,2,0,2,120.0,5,0,6,46.0,0,0
8,1,0,2,60.0,2,1,2,40.0,1,0
5,1,1,1,60.0,1,6,9,36.0,0,0
2,2,3,1,60.0,3,3,12,27.0,0,1
3,1,2,2,80.0,5,4,5,48.0,0,2
4,0,0,1,120.0,5,0,2,18.0,1,0
0,2,0,1,100.0,4,3,3,33.0,0,0
3,3,0,0,60.0,5,1,7,46.0,0,0
4,2,2,2,60.0,2,5,7,18.0,1,0
6,4,3,2,120.0,3,2,10,37.0,0,1
0,3,0,1,120.0,4,1,1,27.0,0,0
2,4,3,1,120.0,3,0,10,36.0,1,1
1,3,0,1,100.0,3,2,11,30.0,1,1
6,1,3,1,80.0,2,5,11,42.0,0,0
3,2,1,2,80.0,5,1,12,49.0,0,0
5,0,3,2,60.0,2,4,4,64.5,0,1
8,3,0,1,80.0,5,6,6,33.0,0,0
1,3,0,1,100.0,4,6,8,43.0,0,0
6,4,0,1,100.0,2,0,3,39.0,1,0
5,1,0,1,100.0,2,3,3,39.0,0,0
5,4,0,1,60.0,1,5,8,52.0,0,0
4,4,0,0,120.0,2,5,8,26.0,0,0
6,1,3,2,100.0,1,6,8,30.0,0,1
2,0,0,2,120.0,5,1,1,32.0,0,1
0,4,2,1,60.0,5,5,8,23.0,0,0
0,4,0,0,100.0,5,4,8,34.0,1,0
3,3,0,2,100.0,1,4,2,42.0,0,1
3,1,0,2,80.0,5,5,12,44.0,0,0
0,2,0,1,100.0,3,5,9,32.0,0,0
2,0,0,0,60.0,2,6,7,48.0,0,0
8,0,0,2,120.0,1,0,8,18.0,0,0
7,1,0,0,100.0,5,6,2,62.0,1,0
8,3,1,1,60.0,3,0,4,41.0,1,0
4,3,0,1,60.0,2,4,7,29.0,0,0
7,1,0,1,100.0,2,0,6,40.0,1,0
7,3,0,1,80.0,5,6,7,33.0,0,0
6,0,3,0,100.0,3,5,1,18.0,0,1
2,0,0,1,100.0,1,0,8,35.0,0,0
2,2,2,1,80.0,5,6,7,45.0,0,0
7,1,3,1,60.0,2,4,4,46.0,0,0
6,4,3,1,100.0,2,2,1,38.0,0,0
7,4,0,1,80.0,2,0,8,46.0,0,0
1,2,0,2,100.0,5,4,10,40.0,0,0
3,2,0,2,120.0,4,4,7,37.0,0,0
3,3,0,1,80.0,4,1,8,26.0,0,0
8,2,3,1,60.0,4,2,10,30.0,0,0
4,2,0,1,80.0,3,0,1,31.0,0,0
3,4,0,1,60.0,5,6,5,38.0,0,2
5,3,1,2,120.0,2,0,9,44.0,0,0
8,2,0,2,100.0,3,0,5,27.0,1,1
3,2,2,2,80.0,4,2,10,18.0,0,1
4,3,3,2,120.0,1,3,12,52.0,1,2
2,1,0,1,100.0,3,4,3,23.0,0,0
2,3,0,0,120.0,3,4,9,40.0,1,1
7,4,0,2,80.0,5,4,9,38.0,0,0
1,1,3,0,80.0,3,4,4,30.0,0,0
2,0,3,1,100.0,5,2,4,42.0,0,0
6,3,3,0,80.0,1,6,11,20.0,0,1
3,4,1,2,120.0,2,5,8,54.0,0,0
6,1,3,2,100.0,2,1,7,64.5,0,0
4,3,0,1,100.0,4,3,11,49.0,0,0
2,2,0,2,120.0,4,3,5,25.0,0,0
1,3,2,0,60.0,1,4,6,18.0,1,0
4,0,0,2,100.0,2,4,3,40.0,1,2
5,3,0,2,60.0,4,1,6,19.0,0,0
5,1,3,0,120.0,3,4,8,30.0,0,0
6,1,0,1,120.0,5,5,10,53.0,0,0
7,3,1,2,100.0,4,3,11,54.0,1,1
8,1,3,1,80.0,1,0,9,55.0,1,1
7,2,0,0,100.0,2,1,3,36.0,1,1
7,3,1,1,80.0,1,3,8,45.0,0,0
1,2,0,2,60.0,5,6,12,18.0,1,1
2,2,0,2,80.0,5,3,3,18.0,1,0
1,4,0,2,100.0,1,1,2,31.0,0,0
4,3,0,2,80.0,4,5,5,45.0,1,2
5,1,0,0,120.0,4,2,4,29.0,0,1
1,2,0,0,60.0,2,6,5,44.0,0,0
4,4,0,1,120.0,2,0,6,21.0,1,0
1,3,0,1,120.0,3,4,3,36.0,0,0
7,3,3,1,120.0,3,1,1,41.0,0,2
3,0,2,1,120.0,2,6,4,44.0,0,1
6,0,0,2,80.0,3,1,6,29.0,1,0
8,2,0,0,120.0,1,0,2,34.0,0,0
1,0,0,2,80.0,4,1,2,18.0,1,0
8,2,0,1,120.0,3,3,1,33.0,0,0
0,1,3,1,100.0,3,3,9,34.0,0,2
1,2,3,2,120.0,1,6,3,31.0,0,0
3,0,0,2,100.0,5,5,2,26.0,1,1
8,1,0,1,80.0,2,2,4,44.0,0,0
1,0,0,0,60.0,1,6,6,62.0,0,1
2,2,3,0,80.0,5,1,1,61.0,0,0
6,4,0,1,100.0,1,0,9,38.0,1,0
3,3,1,0,60.0,4,3,9,44.0,0,0
8,0,3,1,120.0,1,4,8,54.0,1,1
3,2,0,2,60.0,1,4,6,37.0,0,0
4,1,3,1,80.0,4,0,4,40.0,0,0
6,0,1,1,120.0,2,1,2,31.0,0,2
1,0,3,0,60.0,5,2,8,63.0,1,0
1,3,0,1,80.0,3,0,7,43.0,1,0
1,2,0,2,60.0,2,1,12,31.0,0,0
6,4,2,1,60.0,1,6,4,28.0,1,1
2,1,3,1,120.0,3,2,3,18.0,0,0
0,2,3,1,120.0,4,5,6,18.0,0,2
5,1,2,1,100.0,2,1,1,26.0,0,0
7,0,2,2,120.0,5,4,2,46.0,0,0
8,3,1,1,120.0,2,4,7,38.0,0,0
2,3,0,2,100.0,2,3,11,19.0,0,2
8,4,3,2,100.0,3,2,3,23.0,0,0
1,3,3,2,80.0,4,5,1,38.0,0,0
3,0,3,1,120.0,4,1,2,55.0,0,0
8,4,3,0,80.0,2,5,10,21.0,0,0
1,2,0,1,100.0,4,3,10,40.0,0,0
8,3,3,1,100.0,3,6,9,29.0,1,1
3,4,3,1,100.0,3,5,7,34.0,0,0
1,0,0,1,80.0,5,6,7,20.0,1,2
0,1,0,1,120.0,4,4,10,42.0,1,2
2,1,0,2,60.0,5,6,8,29.0,0,0
4,0,0,1,120.0,1,1,12,30.0,0,2
7,0,0,1,80.0,3,2,12,46.0,0,0
6,1,0,2,100.0,2,2,8,47.0,0,1
7,4,3,1,60.0,3,1,9,26.0,0,0
7,1,0,1,80.0,1,1,2,38.0,0,0
1,0,3,1,100.0,2,1,8,45.0,0,0
0,3,2,2,80.0,4,0,8,32.0,0,0
4,2,0,1,60.0,4,3,5,43.0,1,0
2,3,0,1,100.0,3,6,5,31.0,0,0
2,3,2,2,120.0,2,1,4,30.0,1,0
3,0,0,2,80.0,2,2,5,23.0,0,1
6,1,1,2,60.0,5,5,2,55.0,0,0
8,4,2,2,120.0,1,5,2,29.0,0,1
0,3,3,1,60.0,4,0,5,25.0,0,0
8,1,1,1,80.0,3,6,11,22.0,1,0
4,4,0,1,60.0,2,6,3,36.0,0,0
7,3,0,1,100.0,4,3,1,22.0,0,0
2,4,3,1,60.0,3,6,9,26.0,0,2
4,1,0,1,80.0,4,2,2,44.0,0,0
7,2,1,2,100.0,3,2,12,40.0,1,1
2,1,0,2,60.0,4,3,10,18.0,0,1
7,0,3,1,60.0,5,0,2,43.0,0,2
6,4,3,2,100.0,1,6,4,35.0,0,0
0,2,3,1,120.0,4,6,2,48.0,0,0
4,4,0,1,120.0,1,1,7,52.0,0,1
4,4,0,2,100.0,4,6,12,18.0,1,2
5,3,2,1,60.0,2,2,10,44.0,0,0
1,0,0,1,120.0,5,1,1,54.0,1,1
6,4,2,1,100.0,5,1,11,37.0,1,1
6,1,3,0,80.0,1,6,2,43.0,0,0
8,1,3,2,60.0,2,5,11,37.0,0,1
7,3,3,1,80.0,3,4,5,46.0,0,0
1,0,0,2,60.0,5,2,2,39.0,0,0
0,0,3,2,120.0,2,5,9,18.0,0,0
0,1,2,2,80.0,2,6,4,33.0,0,2
6,2,0,2,100.0,1,6,9,32.0,0,0
0,3,1,1,100.0,2,5,11,43.0,0,0
5,3,0,1,120.0,2,6,12,34.0,0,0
4,1,0,2,120.0,3,2,1,32.0,0,0
3,1,0,2,60.0,1,3,1,20.0,0,0
8,2,1,2,100.0,1,1,1,38.0,0,0
7,2,0,2,100.0,2,0,4,25.0,0,0
7,0,2,0,60.0,3,6,9,27.0,1,1
2,3,2,0,80.0,4,6,8,63.0,0,2
3,3,0,0,60.0,5,5,7,26.0,1,0
6,1,0,2,60.0,1,1,1,18.0,0,0
5,0,3,0,60.0,3,5,3,42.0,0,0
4,3,0,1,100.0,3,3,9,43.0,0,0
4,0,3,1,60.0,2,2,9,45.0,0,0
5,0,0,1,60.0,5,5,5,45.0,0,0
1,1,0,2,60.0,1,6,12,36.0,1,0
2,0,3,2,120.0,4,1,6,36.0,1,2
7,2,0,2,80.0,2,2,11,46.0,1,0
3,2,0,1,100.0,1,6,6,54.0,0,0
0,4,0,1,80.0,1,2,10,19.0,0,2
2,1,0,2,80.0,3,6,4,27.0,0,0
3,4,3,1,100.0,5,6,1,42.0,0,0
8,2,2,1,100.0,4,6,5,38.0,1,1
8,4,0,1,60.0,5,0,1,18.0,0,0
2,1,3,1,100.0,3,4,1,28.0,1,1
6,1,0,2,80.0,4,1,11,34.0,0,0
3,0,0,1,120.0,4,3,5,35.0,0,1
3,3,0,2,60.0,2,0,5,30.0,1,1
5,0,1,1,60.0,4,4,7,63.0,1,0
6,1,3,2,80.0,1,2,2,34.0,0,2
7,2,3,1,80.0,5,4,6,37.0,0,0
7,2,3,2,80.0,5,4,2,34.0,0,0
0,0,0,2,100.0,2,0,10,37.0,0,2
4,1,3,1,60.0,4,1,5,35.0,0,0
8,2,3,0,80.0,3,5,4,18.0,0,0
7,1,3,2,120.0,1,4,11,23.0,0,0
6,2,0,1,60.0,2,5,10,31.0,0,0
3,1,0,1,60.0,4,5,5,44.0,0,0
7,4,0,0,100.0,3,6,2,31.0,0,2
3,1,1,2,60.0,4,5,8,34.0,1,0
7,1,0,1,80.0,2,2,8,34.0,0,0
8,0,0,1,80.0,3,2,6,51.0,1,0
7,4,0,2,120.0,3,6,3,18.0,0,0
6,3,0,2,60.0,3,1,4,36.0,0,0
7,0,0,2,60.0,3,3,1,18.0,1,2
4,3,3,1,100.0,4,1,9,31.0,0,0
8,2,3,2,80.0,3,2,10,57.0,0,0
6,3,0,1,120.0,4,3,5,36.0,0,2
5,1,3,1,80.0,3,6,8,18.0,0,0
6,3,0,2,60.0,3,1,3,18.0,0,2
4,0,0,0,60.0,2,3,4,23.0,0,0
8,0,0,1,120.0,4,3,4,26.0,0,0
5,3,0,1,100.0,4,4,8,18.0,0,0
4,0,0,2,120.0,5,1,12,38.0,0,2
4,0,3,2,120.0,2,6,9,41.0,0,1
2,3,3,2,80.0,4,3,3,30.0,0,0
8,4,2,2,120.0,2,2,7,59.0,0,1
6,4,0,1,60.0,2,4,9,29.0,0,0
3,2,0,0,100.0,2,5,2,49.0,0,1
3,0,0,2,100.0,1,5,4,18.0,1,0
6,3,1,0,60.0,4,5,3,38.0,0,0
6,0,0,2,100.0,2,2,8,40.0,1,1
8,1,3,0,100.0,1,3,4,26.0,1,1
6,0,0,1,120.0,1,6,9,34.0,1,2
2,0,3,1,100.0,3,5,1,26.0,0,0
5,4,0,0,100.0,3,1,1,31.0,0,1
6,3,3,1,100.0,4,5,4,31.0,1,0
3,0,1,1,80.0,3,3,3,18.0,0,0
6,4,1,2,60.0,4,0,3,41.0,0,0
2,2,3,2,120.0,1,2,10,42.0,0,2
7,4,0,1,100.0,1,0,12,30.0,0,0
7,4,1,0,60.0,4,5,2,37.0,0,0
4,4,3,2,100.0,3,3,10,23.0,0,1
0,0,0,2,100.0,3,5,10,19.0,0,0
5,0,0,2,80.0,4,0,2,30.0,1,0
1,2,0,1,100.0,5,3,8,43.0,1,0
4,1,0,1,100.0,3,2,1,34.0,1,0
7,1,0,1,100.0,2,2,8,29.0,1,0
3,1,3,2,80.0,3,5,10,39.0,1,1
1,2,0,2,80.0,5,2,3,24.0,1,2
4,1,0,2,60.0,1,4,2,20.0,0,0
1,1,3,2,120.0,1,3,9,30.0,0,1
8,4,2,2,120.0,1,3,5,24.0,0,0
0,0,3,2,80.0,3,2,5,20.0,0,1
8,0,0,1,120.0,1,3,6,45.0,1,2
1,4,1,1,100.0,5,0,4,61.0,0,0
8,4,1,0,60.0,5,6,7,18.0,0,0
2,4,0,1,80.0,3,0,7,34.0,0,0
7,0,0,1,80.0,2,1,11,37.0,0,0
2,1,3,2,120.0,3,4,9,18.0,0,0
6,4,2,1,100.0,1,6,6,32.0,0,0
8,2,1,0,60.0,3,5,1,33.0,0,0
6,4,2,1,120.0,5,3,9,40.0,0,0
3,3,3,1,80.0,3,1,12,25.0,0,0
5,4,3,1,80.0,3,1,10,28.0,1,0
3,0,0,2,100.0,2,4,9,46.0,0,2
1,4,0,1,100.0,5,6,5,40.0,0,0
7,3,0,2,60.0,4,1,7,43.0,0,0
8,2,3,0,60.0,4,6,1,18.0,1,1
4,1,3,0,60.0,5,6,4,26.0,0,0
5,4,3,1,60.0,4,2,12,53.0,0,0
0,3,0,1,100.0,1,1,10,33.0,0,0
0,3,3,2,80.0,4,6,4,33.0,1,0
0,2,0,0,80.0,1,4,5,34.0,0,0
8,0,0,0,60.0,5,1,6,53.0,0,0
0,4,3,1,100.0,4,4,4,26.0,0,2
2,3,3,2,60.0,4,4,6,43.0,0,0
5,2,1,1,120.0,1,6,10,38.0,0,1
2,1,0,1,120.0,1,6,7,18.0,0,0
5,3,0,1,80.0,3,2,3,31.0,0,0
2,2,0,1,80.0,2,3,9,24.0,1,0
5,0,0,1,60.0,4,2,8,19.0,0,2
6,0,2,1,120.0,2,1,1,49.0,0,1
8,3,3,2,100.0,2,2,2,20.0,0,2
8,3,2,1,120.0,4,5,2,43.0,0,1
0,4,0,2,80.0,1,1,10,24.0,0,0
3,2,2,1,120.0,3,4,9,51.0,0,2
0,3,0,1,80.0,5,2,12,29.0,0,2
1,4,2,1,60.0,4,2,9,39.0,0,0
2,4,0,1,100.0,4,3,9,28.0,0,1
5,3,0,2,60.0,5,2,1,18.0,1,1
3,0,3,1,60.0,2,6,7,18.0,0,2
1,2,0,2,100.0,3,4,12,18.0,0,2
8,2,0,1,100.0,2,2,11,38.0,0,1
8,0,0,2,100.0,5,0,3,34.0,0,2
0,3,2,2,80.0,5,0,11,42.0,0,0
2,2,0,1,60.0,3,4,9,26.0,0,0
3,3,0,1,80.0,5,2,8,18.0,0,0
7,3,0,1,100.0,5,3,3,50.0,0,0
1,4,0,2,80.0,3,5,1,46.0,0,0
1,0,1,1,100.0,4,3,9,39.0,0,1
0,3,3,2,120.0,2,5,10,48.0,0,0
8,1,0,2,100.0,4,1,1,33.0,0,1
0,0,1,0,60.0,4,1,3,38.0,0,1
5,2,0,2,60.0,2,3,6,26.0,0,0
3,4,0,2,60.0,4,2,6,22.0,0,0
2,2,0,1,80.0,3,3,11,18.0,0,0
6,2,0,0,60.0,2,1,10,25.0,0,0
4,0,0,2,100.0,1,6,4,64.5,0,0
4,2,1,1,120.0,4,5,2,18.0,1,1
0,3,3,2,60.0,5,4,10,23.0,1,1
5,2,0,1,80.0,2,3,6,34.0,0,0
3,4,3,2,120.0,1,2,10,63.0,0,0
7,4,3,2,60.0,5,2,5,22.0,1,0
4,1,1,1,60.0,1,0,6,27.0,0,0
3,4,2,2,120.0,4,5,7,43.0,0,0
2,2,3,1,60.0,5,5,11,42.0,1,1
5,4,3,1,80.0,4,5,9,26.0,0,1
8,0,3,1,100.0,5,3,12,24.0,0,0
3,4,3,2,100.0,2,1,12,40.0,0,1
2,3,0,1,120.0,3,6,7,31.0,0,0
7,0,0,1,100.0,3,3,4,38.0,0,1
6,1,3,2,60.0,1,4,10,32.0,0,0
8,3,0,1,60.0,5,1,5,39.0,0,0
6,2,0,1,80.0,4,3,6,40.0,0,0
7,2,3,1,100.0,2,6,9,18.0,0,0
2,2,0,1,120.0,2,5,5,29.0,0,0
4,3,3,1,60.0,2,6,5,39.0,0,0
6,3,3,1,120.0,3,1,7,44.0,0,0
8,3,1,0,60.0,4,3,2,31.0,0,0
0,0,0,2,60.0,2,5,3,18.0,0,0
1,0,0,1,80.0,2,3,12,49.0,0,0
3,2,3,1,100.0,1,1,2,45.0,0,2
4,4,2,1,80.0,5,4,10,36.0,0,0
6,2,1,2,100.0,5,5,10,29.0,0,2
3,1,0,1,120.0,5,6,12,42.0,0,1
0,0,0,1,100.0,1,1,2,29.0,0,0
7,3,1,0,120.0,3,0,3,45.0,0,0
1,0,0,1,60.0,1,6,6,56.0,0,0
2,3,3,1,120.0,2,6,5,29.0,0,2
0,1,0,0,100.0,4,5,11,44.0,1,1
0,1,0,2,60.0,2,3,5,27.0,0,2
7,0,0,1,120.0,2,2,2,47.0,1,0
5,3,0,2,120.0,4,6,2,32.0,1,2
7,1,3,1,100.0,5,1,12,52.0,0,0
5,2,1,2,60.0,1,0,1,31.0,1,2
5,2,0,1,60.0,3,4,3,24.0,1,0
4,3,2,2,100.0,2,0,12,30.0,1,1
4,0,0,0,60.0,2,1,12,32.0,0,0
8,1,3,0,60.0,3,5,11,37.0,0,0
6,0,0,0,100.0,1,1,7,31.0,0,0
6,2,1,2,80.0,2,2,11,37.0,0,0
2,1,3,1,80.0,3,2,5,38.0,0,0
6,0,3,1,100.0,2,2,7,29.0,0,1
4,4,2,2,100.0,5,6,9,38.0,1,1
8,3,3,0,80.0,5,5,6,27.0,0,0
8,3,1,1,80.0,2,3,2,58.0,0,0
5,4,3,0,60.0,2,2,1,38.0,0,0
7,2,1,2,120.0,5,3,1,42.0,0,0
2,1,3,0,60.0,2,4,10,32.0,0,0
5,3,0,0,100.0,1,4,9,26.0,0,1
7,4,3,1,80.0,1,3,6,45.0,1,1
6,4,0,1,100.0,4,1,6,38.0,0,1
5,2,3,1,60.0,1,2,4,18.0,0,0
3,2,0,1,100.0,2,6,12,58.0,0,0
6,0,3,2,100.0,2,4,2,43.0,0,0
7,3,0,2,120.0,3,0,10,30.0,0,1
2,0,0,0,100.0,1,5,3,42.0,0,0
7,4,0,2,60.0,5,0,3,40.0,0,0
5,1,1,1,100.0,5,3,8,40.0,0,0
5,1,0,1,100.0,4,4,6,24.0,0,2
0,2,0,1,60.0,3,4,7,35.0,1,1
2,1,3,1,80.0,5,1,9,38.0,0,1
6,1,3,2,120.0,4,1,1,49.0,0,0
8,1,0,1,100.0,1,2,2,34.0,0,0
2,4,0,1,100.0,3,3,9,40.0,0,0
8,1,0,1,120.0,3,5,5,24.0,1,0
2,1,1,2,60.0,2,2,4,35.0,1,1
2,1,0,1,100.0,1,1,1,45.0,0,0
7,0,0,1,60.0,3,6,9,34.0,0,0
2,4,0,1,120.0,4,5,11,30.0,0,0
0,2,0,0,100.0,5,6,9,23.0,1,1
5,0,3,1,80.0,1,2,4,18.0,0,0
1,3,0,2,80.0,1,1,9,24.0,0,2
8,4,0,2,80.0,3,5,10,41.0,0,0
5,4,0,2,120.0,3,2,1,32.0,0,1
1,3,0,0,100.0,3,4,5,34.0,0,0
8,3,0,1,120.0,4,2,1,61.0,0,0
8,3,2,1,100.0,2,3,4,26.0,0,1
1,2,3,1,80.0,3,0,12,42.0,0,0
2,1,1,2,80.0,2,4,5,38.0,0,0
6,4,0,1,60.0,2,6,11,34.0,0,0
3,1,0,1,120.0,1,4,3,18.0,1,0
5,1,0,2,120.0,5,2,2,50.0,0,1
7,3,3,2,60.0,5,4,6,34.0,0,1
5,2,2,1,80.0,4,0,11,46.0,0,1
7,0,3,2,80.0,4,3,3,48.0,0,0
1,2,3,2,120.0,5,2,10,55.0,0,0
7,1,0,1,100.0,5,0,1,23.0,0,0
8,2,2,1,80.0,1,4,11,26.0,1,2
6,3,3,2,60.0,1,0,5,28.0,1,2
6,0,1,2,60.0,5,4,2,24.0,0,0
8,3,0,1,60.0,3,5,2,50.0,0,0
0,0,0,1,120.0,3,4,4,22.0,0,1
1,1,0,2,120.0,1,1,4,30.0,0,1
0,0,3,0,120.0,2,0,4,18.0,0,2
0,0,0,2,120.0,5,3,7,43.0,0,0
5,0,0,1,60.0,4,0,1,33.0,1,0
5,2,1,1,60.0,3,6,8,45.0,0,0
3,2,0,0,120.0,2,3,12,43.0,0,0
7,1,2,1,120.0,3,3,10,18.0,1,2
8,0,0,0,60.0,2,6,9,37.0,0,0
5,4,2,0,120.0,5,1,10,21.0,0,1
1,1,3,1,120.0,5,0,6,36.0,0,0
7,0,1,0,120.0,5,3,4,27.0,1,1
3,0,1,1,120.0,1,0,6,57.0,0,0
3,2,0,2,80.0,2,3,10,64.5,0,0
1,1,0,1,120.0,4,6,7,32.0,0,0
0,0,0,1,60.0,4,6,6,36.0,1,1
6,0,3,2,60.0,5,4,11,18.0,0,2
1,1,2,2,60.0,4,2,1,18.0,0,0
4,4,0,1,60.0,3,0,5,39.0,1,1
1,1,3,2,120.0,2,0,8,34.0,1,2
3,1,0,1,80.0,2,3,8,40.0,1,1
8,4,2,1,100.0,2,4,12,25.0,0,1
5,1,1,1,100.0,3,0,10,38.0,0,0
8,0,0,1,100.0,1,3,9,18.0,0,0
3,1,0,1,100.0,3,1,4,27.0,0,0
5,4,0,1,60.0,2,6,10,40.0,1,0
4,3,3,1,120.0,2,6,6,55.0,1,0
6,1,3,1,120.0,2,2,7,33.0,0,2
7,2,0,1,100.0,4,6,5,42.0,0,0
3,0,0,0,100.0,1,5,11,26.0,0,2
3,0,0,1,80.0,3,1,8,40.0,0,0
3,2,3,0,80.0,2,1,3,29.0,0,1
5,2,3,2,80.0,5,4,8,58.0,0,1
2,1,0,2,60.0,1,5,5,31.0,0,0
1,2,3,2,120.0,5,0,1,32.0,1,0
2,3,3,2,100.0,1,2,6,44.0,0,0
4,4,0,1,60.0,2,1,2,41.0,0,0
6,2,0,2,120.0,1,5,7,30.0,1,2
0,2,3,2,80.0,1,5,9,39.0,0,0
4,3,1,2,120.0,2,3,3,22.0,0,0
0,0,0,2,100.0,5,1,10,37.0,0,0
0,0,0,1,80.0,5,3,4,41.0,1,1
6,1,0,2,100.0,4,4,4,29.0,0,0
8,3,3,2,60.0,5,5,4,30.0,1,2
2,4,0,1,120.0,5,6,3,27.0,0,0
3,4,0,1,80.0,1,5,5,18.0,1,0
7,3,3,2,100.0,4,0,9,39.0,0,0
0,4,3,0,60.0,2,1,11,29.0,0,1
4,0,0,1,100.0,2,0,8,41.0,1,1
8,4,0,2,100.0,3,4,10,32.0,0,0
0,4,3,1,60.0,4,2,2,42.0,1,0
8,3,0,1,120.0,1,6,12,18.0,1,1
8,3,0,1,120.0,3,1,9,21.0,0,0
0,4,2,1,100.0,3,5,12,24.0,0,0
5,2,0,1,120.0,2,6,10,49.0,0,0
1,3,3,1,80.0,5,5,2,39.0,0,2
3,1,1,2,100.0,1,4,7,31.0,0,0
3,1,0,2,100.0,4,2,5,29.0,1,1
5,0,0,1,100.0,3,1,7,42.0,0,0
3,4,3,1,80.0,1,4,5,27.0,0,0
8,2,2,1,100.0,2,4,12,43.0,0,1
6,0,1,2,120.0,3,2,6,32.0,0,0
4,4,3,1,120.0,3,4,8,50.0,1,0
2,3,0,1,120.0,2,4,1,23.0,0,0
3,1,3,0,120.0,2,5,11,33.0,0,0
6,2,0,2,100.0,2,3,12,23.0,0,2
0,1,0,1,80.0,1,0,1,54.0,0,1
1,3,0,1,60.0,1,5,5,35.0,0,0
8,4,0,1,120.0,1,2,1,22.0,0,1
1,3,3,2,60.0,5,6,3,24.0,0,2
4,3,0,2,60.0,3,2,10,41.0,0,0
4,1,0,1,100.0,1,2,9,18.0,0,0
5,2,0,2,120.0,5,2,7,32.0,0,0
7,3,2,1,120.0,3,2,12,24.0,0,2
5,1,3,1,120.0,1,4,6,33.0,0,1
6,2,0,1,60.0,2,2,8,36.0,0,0
1,4,0,1,120.0,4,6,8,33.0,0,0
7,4,0,1,120.0,1,2,6,31.0,0,0
0,0,1,1,80.0,4,5,4,36.0,0,0
8,1,3,1,100.0,1,4,4,34.0,0,0
1,2,3,1,120.0,2,5,4,50.0,0,2
5,3,3,2,120.0,4,4,6,30.0,0,0
2,4,0,1,100.0,5,5,1,43.0,1,0
7,2,2,1,100.0,2,1,12,43.0,0,0
7,1,3,2,60.0,4,0,2,30.0,0,0
8,0,0,2,60.0,4,0,6,34.0,0,0
3,4,0,2,100.0,2,4,11,41.0,1,2
4,2,3,1,100.0,2,1,1,26.0,0,1
4,2,1,1,80.0,2,6,9,32.0,1,0
2,2,0,2,120.0,3,1,12,32.0,0,2
6,1,2,2,100.0,5,3,6,31.0,0,2
6,1,3,1,80.0,1,4,7,31.0,0,0
0,1,0,0,100.0,4,1,12,40.0,0,0
1,3,0,1,80.0,1,6,1,35.0,1,0
3,2,0,0,100.0,2,4,8,42.0,1,0
5,4,3,0,100.0,5,0,12,64.5,0,0
7,1,0,2,80.0,5,2,12,28.0,0,0
2,1,0,0,100.0,3,1,12,37.0,1,0
4,2,3,2,80.0,2,0,12,41.0,0,2
0,1,3,1,80.0,4,0,12,48.0,0,1
6,3,0,1,100.0,3,5,5,40.0,0,0
2,3,0,1,80.0,2,6,5,34.0,0,0
7,1,0,1,80.0,3,3,6,27.0,1,1
5,2,3,2,80.0,1,2,7,36.0,0,0
0,2,2,1,100.0,2,1,7,26.0,0,1
7,2,0,1,80.0,4,0,5,18.0,1,0
4,0,2,2,80.0,4,0,1,34.0,0,0
4,1,3,0,100.0,2,3,11,25.0,0,0
4,2,3,1,100.0,3,6,9,22.0,1,0
2,3,3,1,60.0,5,2,6,64.5,0,0
2,4,0,1,60.0,2,2,9,38.0,0,0
6,4,0,2,80.0,4,3,11,36.0,0,2
6,2,3,1,80.0,1,0,4,46.0,0,0
5,4,3,2,60.0,4,0,2,56.0,0,1
0,4,3,1,60.0,5,0,3,39.0,0,1
8,0,0,1,120.0,4,0,12,47.0,0,1
8,3,1,0,120.0,5,5,4,28.0,0,0
7,3,3,1,80.0,2,5,10,24.0,0,2
4,0,0,1,100.0,4,3,12,45.0,1,2
0,0,0,1,60.0,3,2,8,45.0,0,0
2,4,3,1,80.0,3,4,3,44.0,0,0
1,1,3,2,100.0,4,1,8,36.0,1,1
3,4,0,1,100.0,4,6,6,25.0,0,0
5,0,2,1,60.0,1,4,4,29.0,0,0
4,3,0,1,120.0,4,5,7,48.0,0,0
4,4,0,2,100.0,1,5,11,27.0,0,1
4,1,2,2,120.0,1,5,5,34.0,0,0
2,4,2,2,100.0,1,4,5,25.0,1,0
2,2,3,2,120.0,1,5,9,32.0,1,0
3,4,2,1,100.0,2,4,3,22.0,0,1
0,0,0,1,100.0,3,5,10,34.0,1,2
4,3,2,1,80.0,1,0,4,34.0,0,0
8,3,0,1,80.0,3,0,5,18.0,0,0
6,0,0,1,60.0,1,1,1,42.0,0,0
8,2,0,2,100.0,3,5,7,42.0,0,1
7,0,0,2,120.0,4,3,8,35.0,0,1
8,4,0,0,100.0,4,1,6,21.0,1,1
7,0,0,1,120.0,3,4,9,21.0,1,0
1,0,0,2,120.0,1,1,3,62.0,0,0
6,2,0,2,100.0,2,5,2,18.0,0,0
8,4,3,2,120.0,3,4,5,21.0,0,2
1,1,0,1,60.0,5,3,9,60.0,1,0
5,1,0,1,80.0,2,4,11,64.0,0,0
0,3,3,1,120.0,5,0,1,55.0,0,2
1,0,2,1,100.0,3,4,1,41.0,1,2
0,3,3,2,80.0,1,4,10,27.0,0,0
8,2,0,1,60.0,5,1,3,18.0,0,0
1,1,3,1,120.0,3,3,10,39.0,0,2
6,0,0,2,120.0,2,2,3,25.0,0,2
8,2,0,2,80.0,1,4,5,52.0,0,0
4,2,0,1,120.0,5,6,4,18.0,0,1
2,0,2,2,100.0,3,2,6,37.0,0,0
1,2,0,1,80.0,1,0,12,46.0,0,0
6,0,0,1,80.0,1,3,8,47.0,0,0
5,0,0,1,120.0,4,3,8,45.0,0,1
4,4,2,2,60.0,1,0,11,39.0,0,1
5,3,3,0,60.0,3,4,4,36.0,1,1
8,2,0,1,60.0,2,1,1,45.0,0,0
2,2,3,2,60.0,4,2,7,39.0,0,0
1,4,3,1,80.0,3,0,6,39.0,0,2
1,4,3,2,80.0,3,0,5,35.0,0,0
8,4,0,1,120.0,3,6,4,30.0,0,0
8,1,2,1,60.0,5,4,6,18.0,1,1
2,1,0,2,60.0,5,2,8,20.0,0,0
6,1,3,2,120.0,2,0,6,30.0,1,2
6,0,0,1,120.0,3,3,3,33.0,0,0
2,2,0,1,120.0,5,0,9,23.0,0,0
6,3,0,1,100.0,5,0,3,22.0,1,0
7,0,3,1,120.0,5,0,4,30.0,0,0
0,2,0,2,120.0,2,1,5,45.0,0,0
2,2,3,0,100.0,2,5,11,18.0,0,0
2,4,0,1,60.0,3,6,2,23.0,0,1
3,4,3,1,80.0,4,3,11,36.0,0,0
4,0,2,2,60.0,3,1,10,50.0,1,0
4,4,3,1,80.0,5,6,11,60.0,0,0
7,2,3,2,80.0,5,0,10,30.0,1,0
8,4,3,1,120.0,1,6,2,30.0,0,0
8,1,0,2,120.0,3,4,6,33.0,0,1
5,4,2,2,100.0,5,4,2,37.0,0,0
7,2,0,2,60.0,5,5,10,34.0,0,0
2,0,3,2,60.0,4,5,1,34.0,0,0
7,3,3,1,80.0,1,6,8,18.0,0,0
7,4,0,2,120.0,3,1,10,18.0,1,1
7,2,0,2,120.0,2,1,10,43.0,0,0
4,3,0,1,60.0,3,0,1,32.0,0,0
7,3,2,1,100.0,3,1,10,45.0,0,0
0,1,1,1,120.0,4,5,6,37.0,1,0
8,3,3,1,100.0,3,1,12,18.0,0,0
5,2,3,1,60.0,4,0,1,53.0,1,2
0,2,0,2,60.0,4,4,8,34.0,0,0
5,4,0,1,100.0,5,1,5,26.0,0,0
3,4,0,0,120.0,2,1,3,28.0,1,0
5,4,3,1,60.0,4,5,5,20.0,0,0
8,3,2,1,80.0,1,6,1,38.0,1,0
8,3,2,1,60.0,1,4,1,33.0,0,0
7,1,0,1,120.0,2,6,12,59.0,0,0
1,4,0,1,80.0,4,0,4,41.0,1,0
3,0,0,1,60.0,2,0,9,58.0,0,0
2,1,0,1,120.0,5,6,9,23.0,0,0
6,0,0,2,120.0,1,5,1,31.0,0,1
5,3,3,2,60.0,3,2,3,45.0,0,0
1,1,0,1,120.0,1,5,12,42.0,0,0
7,1,2,2,100.0,4,2,4,34.0,0,0
4,2,0,2,80.0,2,2,2,22.0,1,1
2,3,3,1,100.0,1,5,7,18.0,0,1
1,3,0,0,60.0,3,2,3,32.0,0,0
4,1,0,2,100.0,3,2,1,32.0,1,1
3,3,0,1,60.0,2,2,1,36.0,0,0
7,1,1,1,60.0,2,4,3,18.0,1,0
2,2,2,1,120.0,1,0,6,24.0,1,1
2,1,0,1,120.0,4,2,4,39.0,0,0
2,3,0,2,60.0,5,0,1,42.0,0,0
3,3,0,1,80.0,3,3,7,37.0,0,0
5,1,0,2,100.0,2,0,2,30.0,1,0
3,1,0,2,80.0,5,3,12,20.0,0,0
6,1,3,2,100.0,5,4,5,46.0,0,2
8,4,1,2,60.0,5,0,8,43.0,0,0
7,3,0,1,120.0,4,6,7,28.0,1,0
3,3,0,1,100.0,2,1,11,44.0,1,0
4,4,1,2,100.0,3,4,12,34.0,1,0
6,1,0,1,120.0,2,1,8,26.0,0,0
8,2,0,1,60.0,1,6,10,46.0,0,0
5,1,3,0,100.0,3,5,11,36.0,0,0
4,1,2,2,60.0,2,5,6,29.0,0,0
7,4,0,1,60.0,3,2,7,19.0,0,0
4,3,1,2,60.0,1,5,9,20.0,1,0
8,1,3,2,120.0,3,4,6,34.0,1,1
4,3,0,1,60.0,5,5,9,40.0,0,0
0,0,1,1,100.0,4,4,12,20.0,1,0
1,3,0,0,120.0,1,4,2,20.0,0,0
5,2,0,1,120.0,3,1,2,60.0,0,0
8,2,3,1,100.0,1,5,2,40.0,1,0
4,1,0,1,120.0,5,0,6,49.0,1,0
1,3,0,2,100.0,4,3,2,52.0,0,0
1,1,0,1,80.0,1,5,3,23.0,1,0
4,4,0,1,100.0,5,5,8,55.0,1,0
7,2,2,1,120.0,5,5,8,22.0,0,1
0,1,3,0,100.0,5,2,11,43.0,0,2
3,4,1,1,80.0,3,0,12,33.0,0,0
0,1,0,2,60.0,2,0,4,43.0,1,0
4,3,0,0,60.0,1,4,9,32.0,0,0
5,3,0,1,60.0,2,0,8,41.0,0,0
3,3,0,0,120.0,5,4,1,51.0,0,0
8,3,0,0,80.0,2,3,8,48.0,0,0
0,0,3,0,100.0,5,1,1,34.0,0,1
4,4,1,1,100.0,5,4,4,23.0,0,0
0,4,1,2,100.0,4,5,10,31.0,1,0
3,3,0,2,100.0,4,6,6,40.0,0,0
6,0,2,0,120.0,2,6,7,42.0,1,1
0,3,0,1,120.0,1,2,10,34.0,1,0
8,0,0,2,80.0,2,5,4,26.0,1,0
8,3,2,1,100.0,1,4,8,23.0,1,0
2,2,3,1,60.0,2,5,8,22.0,1,2
0,2,0,1,120.0,3,2,9,32.0,0,0
7,1,0,2,80.0,3,0,6,37.0,0,0
1,3,0,1,80.0,1,4,4,39.0,0,0
1,4,3,2,120.0,4,3,2,18.0,0,0
1,1,0,0,60.0,1,5,7,23.0,0,0
6,2,1,1,60.0,2,0,10,26.0,0,0
2,3,0,2,100.0,5,2,3,56.0,0,0
6,1,0,1,120.0,3,0,11,30.0,0,0
0,3,0,1,60.0,5,4,12,18.0,0,0
0,2,3,2,120.0,3,2,3,39.0,1,1
0,1,0,0,80.0,2,2,3,34.0,0,2
5,2,3,2,80.0,3,2,4,20.0,0,1
1,0,2,2,80.0,1,1,2,29.0,0,2
5,2,0,1,120.0,5,2,5,34.0,0,0
2,3,2,1,100.0,5,1,3,33.0,1,0
6,4,0,2,100.0,2,0,10,46.0,0,1
1,2,3,1,100.0,5,3,5,34.0,0,1
5,4,2,1,120.0,2,1,12,36.0,1,2
5,0,0,2,100.0,4,0,7,46.0,0,0
4,1,0,1,120.0,1,1,9,30.0,1,0
5,1,0,1,100.0,3,0,2,26.0,0,1
7,4,0,2,80.0,3,0,9,38.0,0,1
7,1,0,2,80.0,3,3,10,37.0,0,0
6,2,1,0,60.0,4,2,6,18.0,0,0
7,4,0,2,80.0,1,3,12,52.0,0,0
6,3,0,1,100.0,5,3,6,22.0,0,0
6,2,3,0,60.0,5,2,11,41.0,1,2
2,2,0,2,60.0,1,0,3,41.0,0,0
4,2,0,1,80.0,1,2,10,18.0,0,0
0,3,0,1,120.0,3,0,9,37.0,0,1
8,0,0,2,80.0,5,2,4,54.0,1,0
6,1,0,2,80.0,1,6,5,26.0,0,1
3,4,3,2,60.0,5,1,3,34.0,0,1
0,0,3,2,80.0,1,3,5,33.0,0,2
1,4,0,2,100.0,2,0,8,40.0,0,0
7,1,0,0,60.0,3,5,8,33.0,0,0
8,3,0,2,80.0,1,2,8,23.0,1,1
3,2,3,1,120.0,4,2,6,22.0,0,0
0,2,0,2,100.0,1,4,1,18.0,0,0
2,3,0,1,120.0,2,5,11,18.0,0,0
1,0,3,2,100.0,4,5,10,30.0,0,1
8,0,0,0,120.0,4,3,12,40.0,0,1
4,4,0,2,80.0,1,6,6,36.0,1,1
2,3,0,2,100.0,2,1,12,38.0,0,1
3,0,1,1,60.0,4,6,11,42.0,1,1
8,3,2,1,60.0,3,1,10,50.0,0,1
2,1,3,1,120.0,3,0,7,35.0,0,0
1,2,0,2,120.0,5,3,9,39.0,0,1
4,2,3,2,120.0,5,6,12,39.0,0,0
2,2,1,2,100.0,2,4,8,36.0,0,0
5,3,1,1,60.0,4,1,11,35.0,1,0
4,3,0,1,100.0,3,6,12,36.0,0,0
3,4,2,2,100.0,3,3,8,53.0,0,0
1,2,0,1,120.0,2,4,7,52.0,0,0
7,4,0,2,60.0,4,3,2,34.0,1,0
7,2,3,2,120.0,2,5,1,37.0,1,1
7,4,0,2,80.0,1,2,2,35.0,0,0
8,4,1,1,80.0,3,0,6,50.0,0,0
3,1,0,0,60.0,2,3,2,34.0,0,0
1,4,3,1,100.0,2,0,10,38.0,1,0
4,3,1,0,80.0,1,3,4,27.0,0,0
8,4,1,1,80.0,5,5,10,44.0,0,0
3,2,0,1,80.0,3,3,3,20.0,1,2
5,4,0,0,80.0,2,3,6,31.0,0,0
1,0,3,1,120.0,3,6,12,22.0,0,2
7,2,0,2,120.0,5,2,12,31.0,0,0
2,0,1,2,100.0,2,5,8,34.0,0,0
1,2,1,0,60.0,1,4,11,45.0,1,0
6,3,0,0,60.0,3,2,6,34.0,0,0
3,3,0,1,60.0,1,1,2,52.0,1,0
0,3,0,2,80.0,5,6,5,32.0,0,1
5,0,1,1,120.0,5,2,11,22.0,1,2
1,1,0,1,120.0,3,1,6,32.0,0,0
0,2,0,2,100.0,5,5,9,40.0,0,2
6,3,0,1,60.0,4,3,6,34.0,1,2
4,2,3,2,120.0,3,0,10,27.0,0,0
2,0,0,2,100.0,4,2,5,54.0,0,2
0,1,0,2,60.0,5,2,1,32.0,0,0
3,0,1,0,80.0,3,1,10,29.0,0,0
7,2,1,1,120.0,4,1,5,44.0,0,0
6,1,3,2,120.0,5,0,5,52.0,1,2
2,1,0,0,60.0,2,1,6,41.0,0,0
5,0,0,1,80.0,2,1,7,18.0,0,0
7,3,3,1,80.0,1,2,4,38.0,0,0
1,2,0,2,100.0,2,0,7,61.0,0,0
0,4,1,1,60.0,4,0,5,18.0,1,0
2,4,3,1,100.0,2,3,6,39.0,1,0
8,0,0,2,120.0,3,2,4,31.0,0,0
4,2,1,2,80.0,3,3,12,23.0,0,0
4,2,1,0,100.0,3,5,8,34.0,0,0
6,0,0,2,60.0,2,5,9,18.0,0,1
5,2,3,2,80.0,2,2,2,30.0,0,2
6,3,0,1,100.0,1,1,12,47.0,0,0
8,0,0,1,120.0,5,6,11,45.0,0,0
3,3,0,1,80.0,1,5,4,34.0,0,1
5,2,3,0,60.0,4,5,11,37.0,0,0
3,0,1,1,80.0,3,2,8,33.0,0,0
5,2,3,1,120.0,2,3,8,29.0,1,0
5,0,0,2,60.0,5,2,9,23.0,0,0
8,2,3,1,120.0,5,6,3,44.0,0,1
1,3,0,1,100.0,2,6,1,37.0,0,0
8,3,2,2,80.0,1,0,9,45.0,1,1
5,2,0,1,120.0,5,2,1,25.0,0,0
2,0,0,1,100.0,1,5,3,25.0,0,1
3,4,0,1,100.0,2,3,3,40.0,0,0
8,3,3,2,60.0,1,3,9,18.0,1,1
1,3,0,2,100.0,3,4,1,18.0,1,0
0,4,3,1,100.0,2,4,7,47.0,0,0
6,2,0,2,60.0,2,1,2,26.0,1,0
5,0,0,1,120.0,5,5,7,37.0,0,0
0,2,0,0,100.0,5,4,1,39.0,1,0
4,1,1,1,120.0,5,3,10,34.0,1,0
7,3,1,2,60.0,3,5,10,29.0,0,0
1,1,0,0,120.0,3,2,8,30.0,0,2
7,3,0,2,120.0,4,5,10,27.0,0,2
1,3,0,1,100.0,2,4,10,42.0,0,0
2,1,3,1,120.0,5,3,2,42.0,0,2
6,1,0,2,120.0,2,5,3,50.0,0,0
0,2,1,1,120.0,1,6,8,20.0,0,2
3,1,1,2,60.0,3,1,3,61.0,1,0
1,2,0,2,60.0,4,0,1,31.0,0,0
3,2,0,2,80.0,1,3,9,34.0,0,0
6,2,2,1,60.0,2,4,8,36.0,0,2
5,3,2,2,60.0,3,2,4,24.0,0,0
4,3,0,2,80.0,5,0,8,30.0,1,0
0,1,0,2,80.0,1,1,5,52.0,0,2
6,3,0,1,100.0,3,3,3,52.0,0,0
6,1,0,1,100.0,2,3,1,37.0,1,1
2,3,0,1,60.0,2,6,10,34.0,0,0
7,0,0,1,120.0,1,6,5,39.0,1,2
4,0,3,2,100.0,1,6,11,34.0,0,2
0,1,0,0,100.0,1,6,6,25.0,1,2
5,3,0,1,60.0,4,4,4,24.0,0,0
5,3,0,2,120.0,5,3,7,25.0,1,0
8,2,2,1,80.0,3,4,3,54.0,0,0
6,4,2,1,80.0,2,5,7,45.0,0,0
1,1,0,1,60.0,2,2,1,52.0,1,0
2,4,0,1,60.0,5,5,7,39.0,0,0
4,4,1,0,120.0,1,2,1,24.0,1,1
5,1,0,1,60.0,1,1,11,42.0,0,1
0,3,0,2,60.0,2,5,1,50.0,0,0
8,1,0,1,60.0,5,1,2,42.0,0,0
0,4,0,0,120.0,2,1,2,19.0,1,0
2,3,0,1,60.0,1,1,4,18.0,1,0
1,0,1,1,100.0,3,6,1,42.0,0,0
8,1,3,1,120.0,1,0,4,31.0,0,0
8,1,0,1,100.0,3,0,2,38.0,0,2
7,3,1,1,120.0,4,4,4,26.0,0,0
4,0,0,0,100.0,5,1,4,36.0,0,0
8,0,0,2,120.0,4,6,9,21.0,1,2
7,3,3,2,80.0,1,5,9,37.0,1,1
7,2,3,2,60.0,5,5,1,43.0,1,1
2,1,0,1,60.0,1,4,5,44.0,0,0
3,1,0,1,120.0,5,4,7,34.0,0,0
0,4,3,0,100.0,5,1,4,34.0,1,2
1,3,3,2,80.0,1,1,12,27.0,1,0
0,4,3,0,100.0,1,5,5,53.0,0,0
8,4,0,2,60.0,5,5,2,46.0,0,1
1,0,0,1,60.0,5,5,3,35.0,0,0
5,1,0,1,100.0,1,5,7,61.0,0,0
3,4,0,1,120.0,1,0,10,26.0,0,0
5,0,1,1,120.0,2,1,7,34.0,0,0
5,3,0,1,100.0,2,1,4,41.0,0,0
4,4,0,1,60.0,2,5,12,59.0,1,2
0,1,3,2,100.0,4,6,1,52.0,0,2
2,4,0,0,60.0,5,5,1,44.0,0,0
5,3,0,2,100.0,3,2,4,24.0,1,1
8,4,2,0,120.0,4,3,4,24.0,0,2
3,1,2,1,80.0,5,3,6,43.0,1,1
6,0,3,1,60.0,3,4,7,19.0,0,0
5,1,0,2,80.0,2,2,9,38.0,1,0
3,0,3,1,120.0,3,6,9,44.0,0,0
1,2,3,1,100.0,1,4,10,18.0,0,0
0,1,0,1,120.0,1,3,12,42.0,0,0
7,1,0,1,80.0,5,6,12,45.0,1,2
4,3,0,2,120.0,4,4,5,34.0,0,1
3,4,0,1,120.0,2,5,10,33.0,0,1
8,0,3,2,100.0,5,5,11,18.0,0,1
8,0,0,2,80.0,2,6,3,33.0,0,0
3,3,0,1,80.0,1,4,3,18.0,0,0
8,3,0,1,80.0,4,0,6,26.0,0,1
0,4,2,1,60.0,4,6,1,30.0,0,0
8,4,0,1,120.0,1,6,7,21.0,0,0
7,1,3,2,80.0,3,2,3,20.0,0,0
8,2,3,2,120.0,4,1,5,20.0,1,0
7,4,3,2,100.0,3,6,7,49.0,0,0
5,3,1,1,100.0,2,0,7,34.0,0,0
2,4,3,2,100.0,4,5,9,50.0,0,2
0,0,0,2,60.0,1,4,1,30.0,0,0
2,2,1,1,100.0,3,1,3,34.0,0,0
5,1,3,2,100.0,2,4,9,29.0,0,2
0,0,0,1,100.0,2,5,8,18.0,1,1
3,0,0,2,120.0,4,6,2,41.0,1,2
3,2,2,2,60.0,4,2,8,33.0,0,0
7,1,0,1,60.0,5,0,8,35.0,0,0
5,3,3,2,100.0,5,1,2,18.0,0,1
7,1,0,1,80.0,4,0,8,34.0,0,0
4,4,0,1,80.0,5,3,3,29.0,0,0
8,0,3,0,120.0,1,0,7,36.0,1,0
6,4,0,0,60.0,1,0,9,34.0,0,0
4,3,0,1,100.0,5,0,4,29.0,1,1
8,4,3,1,100.0,4,5,11,41.0,0,1
0,1,0,1,60.0,1,0,6,34.0,1,2
7,4,3,1,100.0,2,2,9,30.0,0,0
0,3,2,2,100.0,4,0,11,18.0,0,1
0,3,3,0,80.0,3,5,11,34.0,0,0
8,3,0,2,80.0,3,4,5,40.0,1,1
5,1,0,1,100.0,4,5,12,50.0,0,0
8,3,3,2,80.0,5,3,1,18.0,0,1
1,0,1,1,80.0,1,3,3,22.0,0,0
3,3,0,0,120.0,1,2,11,31.0,0,0
3,4,2,0,60.0,4,2,9,18.0,0,0
4,4,0,2,60.0,2,6,3,33.0,0,0
3,4,0,1,100.0,5,5,11,39.0,0,1
8,1,0,1,60.0,2,4,11,40.0,1,0
7,4,0,1,120.0,4,6,10,30.0,0,0
8,1,0,2,100.0,4,6,2,30.0,1,0
8,1,1,1,100.0,2,1,4,22.0,0,0
6,3,0,1,60.0,3,0,5,18.0,0,0
7,0,0,1,80.0,4,6,7,32.0,0,0
1,3,0,2,80.0,5,6,7,39.0,0,1
3,3,1,1,80.0,2,2,9,35.0,0,0
7,1,3,0,80.0,3,4,8,48.0,0,0
3,1,3,0,120.0,2,6,2,39.0,0,1
4,4,1,0,100.0,3,3,12,42.0,1,1
7,4,0,1,80.0,3,4,8,37.0,0,0
3,3,3,1,100.0,5,0,8,57.0,1,0
1,2,0,1,100.0,4,3,5,29.0,1,0
2,2,0,1,60.0,3,2,3,43.0,0,0
0,4,2,1,60.0,4,3,9,37.0,1,0
0,2,3,2,120.0,5,1,12,43.0,0,1
1,4,0,1,100.0,4,1,7,39.0,1,0
6,1,0,0,80.0,1,0,1,34.0,0,2
2,3,3,1,100.0,3,0,8,39.0,0,1
4,0,0,2,80.0,5,3,10,41.0,0,0
1,3,0,2,120.0,2,2,5,42.0,1,2
0,4,0,2,100.0,5,2,6,52.0,1,0
0,4,0,0,120.0,3,5,9,37.0,0,0
0,3,2,2,100.0,5,6,10,21.0,0,1
5,4,0,0,100.0,2,6,8,36.0,1,0
1,2,0,1,80.0,1,6,11,29.0,0,2
8,2,3,2,100.0,3,4,3,29.0,0,2
4,4,2,1,80.0,3,5,5,31.0,0,2
0,4,0,1,100.0,5,3,4,24.0,1,2
3,2,0,1,60.0,4,6,1,18.0,0,0
1,4,0,1,80.0,4,4,5,52.0,0,0
5,4,3,1,120.0,2,4,10,29.0,0,0
1,3,3,1,60.0,1,1,7,18.0,0,1
4,0,2,1,120.0,1,4,1,37.0,1,0
5,2,1,0,100.0,5,0,4,42.0,0,1
4,3,3,1,60.0,5,2,6,32.0,0,2
1,0,3,2,100.0,4,4,11,19.0,1,1
8,4,0,1,100.0,1,0,12,18.0,0,0
4,4,0,0,120.0,1,0,9,62.0,1,0
5,3,1,0,100.0,1,1,11,18.0,0,0
5,4,0,2,120.0,2,3,8,18.0,1,1
4,1,0,2,120.0,2,1,2,31.0,0,0
1,3,3,1,100.0,5,4,11,44.0,0,1
6,0,0,0,80.0,4,1,3,54.0,1,0
1,3,3,0,120.0,3,1,10,32.0,0,1
4,2,3,0,100.0,4,3,5,32.0,0,0
2,3,0,2,100.0,2,2,11,19.0,0,0
4,4,2,1,100.0,2,6,7,48.0,0,0
8,4,0,0,100.0,5,4,3,34.0,0,0
4,1,0,1,120.0,3,3,12,34.0,0,2
4,1,3,2,60.0,1,4,7,40.0,0,1
8,1,3,1,100.0,3,4,5,38.0,1,2
4,0,3,0,120.0,3,1,10,33.0,0,0
0,1,0,1,100.0,3,2,6,50.0,0,2
2,0,3,1,100.0,5,1,6,34.0,0,0
3,1,0,2,80.0,2,0,11,37.0,0,0
2,0,1,2,100.0,1,5,11,39.0,0,0
4,3,0,2,80.0,3,5,12,30.0,0,1
0,3,3,1,120.0,1,3,4,42.0,1,0
1,4,0,1,100.0,3,5,12,42.0,0,0
4,0,0,2,120.0,2,3,8,48.0,1,1
0,2,0,0,60.0,1,6,9,33.0,1,0
8,4,2,2,100.0,4,1,2,32.0,0,0
0,3,3,1,100.0,2,0,9,41.0,1,1
8,0,1,0,60.0,1,0,11,32.0,0,0
6,1,0,1,80.0,3,5,12,18.0,0,0
3,2,0,2,60.0,3,2,4,45.0,0,0
7,3,0,1,100.0,2,6,6,18.0,1,0
0,4,2,1,100.0,2,3,7,39.0,1,1
5,0,0,2,120.0,3,6,4,64.5,0,1
4,2,2,2,80.0,1,5,8,41.0,0,0
2,0,1,1,100.0,4,3,10,26.0,0,0
7,1,1,1,100.0,5,3,8,29.0,0,0
2,4,3,1,80.0,2,5,1,39.0,0,0
6,0,3,2,80.0,3,1,8,34.0,1,1
7,3,3,1,120.0,1,2,10,44.0,0,0
7,4,0,1,60.0,2,6,12,52.0,0,0
2,3,3,2,80.0,1,0,3,50.0,0,0
8,0,0,2,100.0,2,5,5,21.0,0,0
2,4,0,2,80.0,3,1,10,35.0,0,0
8,3,0,2,100.0,1,0,8,40.0,0,0
6,1,0,0,120.0,3,6,11,53.0,1,1
4,1,0,0,60.0,1,5,6,39.0,0,1
1,0,0,2,120.0,2,3,4,26.0,0,1
8,4,3,2,80.0,5,2,4,40.0,0,0
6,2,0,1,100.0,5,5,12,34.0,0,0
5,4,3,0,80.0,4,2,4,31.0,1,0
6,1,0,1,80.0,4,1,6,26.0,0,0
2,3,3,1,80.0,3,1,7,34.0,1,1
2,2,3,1,80.0,1,6,5,27.0,1,1
1,0,3,1,60.0,4,2,10,44.0,0,1
6,2,3,0,100.0,2,5,8,27.0,1,0
3,0,0,2,80.0,5,1,7,50.0,1,0
4,2,3,2,100.0,1,5,8,40.0,0,1
2,0,0,2,60.0,5,6,4,43.0,0,0
1,0,0,1,100.0,1,2,8,43.0,1,0
4,2,3,1,100.0,4,5,6,45.0,0,0
6,2,0,2,60.0,4,0,3,31.0,0,0
6,0,3,2,80.0,3,5,8,23.0,0,1
7,1,3,1,100.0,1,4,7,29.0,0,0
1,2,0,2,120.0,2,4,10,46.0,1,1
2,4,0,1,100.0,4,3,5,18.0,0,0
3,3,0,1,80.0,3,6,11,18.0,1,2
6,0,0,1,100.0,4,6,4,37.0,0,2
3,0,3,1,80.0,5,6,1,34.0,0,0
6,3,0,2,100.0,4,0,10,46.0,0,0
2,1,0,2,60.0,1,2,3,23.0,0,0
4,3,3,1,80.0,3,0,2,20.0,0,0
0,2,2,2,100.0,1,3,8,26.0,1,0
4,3,0,2,60.0,2,5,8,30.0,0,0
6,0,0,1,100.0,2,1,12,30.0,0,1
0,3,2,1,80.0,4,2,5,34.0,0,0
0,4,0,0,100.0,3,4,5,34.0,0,0
3,2,0,2,100.0,3,4,11,34.0,1,1
1,3,1,0,100.0,3,3,4,46.0,0,0
3,0,3,1,60.0,3,4,1,42.0,0,1
3,2,0,2,100.0,4,3,1,26.0,0,0
4,0,0,1,100.0,1,5,6,42.0,0,0
4,1,0,1,120.0,4,5,4,41.0,0,0
5,4,0,2,120.0,1,6,4,34.0,0,1
6,1,2,1,120.0,5,1,3,37.0,0,0
5,4,0,1,80.0,5,6,9,34.0,1,0
2,3,3,1,80.0,1,5,3,21.0,0,0
6,2,1,1,120.0,4,0,8,63.0,0,2
6,3,0,2,60.0,2,6,2,47.0,1,0
7,4,0,1,60.0,4,2,4,41.0,1,0
7,4,3,1,120.0,2,5,1,30.0,0,0
8,4,1,1,80.0,4,5,11,33.0,0,1
8,0,2,1,80.0,3,0,5,20.0,0,1
3,2,0,2,60.0,3,0,2,40.0,0,0
2,3,3,1,100.0,5,0,11,39.0,1,1
0,3,3,2,60.0,5,1,1,32.0,0,0
0,1,0,1,100.0,1,2,1,35.0,0,0
7,4,0,1,80.0,2,5,2,31.0,1,0
7,4,3,0,80.0,3,0,5,29.0,1,1
7,4,2,2,120.0,4,1,12,34.0,1,1
1,3,0,1,80.0,1,4,9,22.0,0,0
8,1,0,2,100.0,4,2,6,26.0,0,0
4,0,0,1,60.0,3,3,12,27.0,0,0
0,2,0,2,120.0,3,3,4,48.0,1,0
6,0,0,2,100.0,3,4,3,27.0,1,1
8,3,1,2,60.0,3,4,8,18.0,1,0
5,4,0,0,60.0,4,5,3,38.0,1,0
4,2,0,1,60.0,1,1,1,42.0,0,1
8,3,3,2,80.0,3,1,4,46.0,0,1
2,3,0,1,60.0,5,4,11,36.0,0,0
6,3,0,1,80.0,1,2,5,21.0,1,0
8,2,3,1,60.0,5,6,5,25.0,0,2
1,2,2,1,60.0,4,4,5,42.0,0,0
7,1,3,2,80.0,3,5,8,52.0,0,0
7,1,3,2,80.0,1,4,8,21.0,0,0
6,0,0,2,100.0,3,2,12,37.0,1,1
7,2,1,1,60.0,3,2,4,28.0,0,1
8,2,0,1,100.0,1,4,9,25.0,1,2
5,2,3,0,100.0,3,1,1,35.0,0,0
0,1,0,1,100.0,3,4,5,33.0,0,0
0,3,1,2,80.0,2,0,5,18.0,0,0
4,4,3,2,60.0,2,0,5,37.0,1,0
3,1,0,2,100.0,1,6,8,38.0,0,0
2,2,0,2,60.0,1,5,9,43.0,0,2
6,1,0,0,60.0,3,5,3,28.0,0,0
4,0,3,1,100.0,5,3,9,18.0,0,0
3,2,3,0,80.0,1,1,11,29.0,0,0
1,0,0,1,60.0,3,5,8,43.0,0,2
1,2,1,1,120.0,5,6,3,34.0,1,1
2,1,2,1,80.0,2,0,2,45.0,1,1
7,3,0,2,100.0,1,1,4,19.0,0,0
8,4,2,1,120.0,3,2,12,44.0,0,1
4,0,3,1,60.0,2,0,2,37.0,1,1
4,1,0,1,100.0,4,6,4,34.0,1,2
6,3,0,0,120.0,2,1,5,47.0,0,0
6,1,3,2,80.0,3,4,2,37.0,0,0
1,0,3,2,60.0,5,5,12,23.0,1,2
1,4,0,2,80.0,4,6,8,46.0,1,1
5,1,3,1,120.0,4,1,1,32.0,0,0
5,2,3,1,80.0,4,0,3,35.0,0,0
7,3,3,0,100.0,1,1,7,24.0,0,2
5,1,0,1,100.0,3,4,10,34.0,0,0
8,3,2,1,120.0,4,6,1,23.0,0,0
8,2,0,1,80.0,2,1,11,32.0,0,0
4,4,0,1,120.0,5,2,2,34.0,0,0
0,4,0,1,80.0,3,6,3,42.0,0,0
8,2,0,2,60.0,2,6,2,18.0,0,0
3,3,2,1,100.0,1,0,2,47.0,0,0
1,1,0,2,60.0,4,3,12,47.0,0,0
6,2,3,1,80.0,2,5,11,32.0,0,2
5,0,0,1,60.0,3,3,6,36.0,0,1
4,3,0,1,120.0,2,2,7,38.0,0,0
2,4,1,2,120.0,1,4,6,36.0,0,0
6,2,3,1,80.0,5,1,11,42.0,0,0
3,4,0,2,100.0,4,3,6,30.0,0,2
5,3,3,2,120.0,3,5,9,25.0,0,1
3,4,0,2,100.0,4,0,8,40.0,1,2
1,2,0,1,80.0,4,5,8,34.0,0,0
1,3,3,1,100.0,4,6,6,42.0,1,0
7,0,3,1,80.0,2,6,5,43.0,0,1
4,2,0,2,60.0,2,4,9,25.0,1,0
6,1,1,1,80.0,5,2,12,52.0,0,0
6,2,3,2,60.0,1,1,2,30.0,0,0
2,3,0,0,80.0,3,1,7,29.0,0,0
4,2,3,1,120.0,2,0,6,27.0,1,2
3,0,3,1,120.0,4,4,7,40.0,0,0
2,0,3,2,100.0,1,1,12,30.0,1,2
0,1,0,1,80.0,3,2,4,18.0,0,0
6,4,3,1,80.0,3,6,9,39.0,0,2
3,3,0,0,80.0,3,4,7,31.0,1,0
8,3,2,1,100.0,3,5,2,48.0,1,2
7,4,3,0,120.0,5,3,4,38.0,0,0
4,0,0,2,80.0,3,3,5,38.0,0,0
1,0,3,2,100.0,1,4,2,47.0,0,1
8,2,1,1,80.0,2,4,10,36.0,0,1
7,1,1,1,60.0,1,2,8,44.0,0,0
7,1,0,2,80.0,4,2,1,27.0,0,0
0,1,0,1,60.0,5,1,3,54.0,0,0
0,2,3,1,100.0,5,3,1,38.0,1,0
5,1,0,1,100.0,4,0,5,20.0,0,2
5,4,1,1,120.0,1,0,8,36.0,0,0
2,2,0,1,80.0,1,2,7,37.0,0,0
7,4,0,2,100.0,4,1,9,34.0,1,0
8,2,0,1,120.0,3,1,2,18.0,0,0
4,1,0,1,80.0,3,1,12,28.0,0,0
7,4,3,2,100.0,2,2,8,18.0,1,1
0,4,0,0,60.0,1,0,8,18.0,0,0
3,4,0,1,100.0,1,1,6,36.0,0,0
1,2,0,1,60.0,4,2,3,28.0,1,1
5,3,3,2,120.0,4,5,2,30.0,0,0
6,1,0,0,120.0,3,5,8,24.0,1,0
3,4,3,2,80.0,1,6,6,51.0,1,0
4,3,3,2,80.0,1,5,4,35.0,0,0
0,1,3,1,80.0,5,4,5,18.0,0,0
0,1,1,2,120.0,2,6,5,42.0,0,0
0,4,1,1,60.0,2,5,9,30.0,1,1
6,4,0,2,80.0,3,4,9,49.0,0,1
5,2,0,2,80.0,1,5,8,34.0,0,1
3,3,0,0,120.0,5,2,8,26.0,0,0
4,3,0,1,100.0,1,3,12,28.0,1,0
5,4,2,1,100.0,4,4,2,30.0,0,2
4,1,1,2,80.0,3,1,3,40.0,0,0
5,4,2,2,100.0,2,2,8,25.0,0,0
6,1,0,2,100.0,1,3,5,49.0,1,0
1,1,1,1,80.0,3,4,7,39.0,0,0
4,4,0,1,120.0,2,2,8,37.0,1,1
5,0,0,2,80.0,1,1,6,35.0,0,2
0,3,0,1,60.0,5,4,5,34.0,0,0
7,1,0,0,60.0,3,4,8,19.0,1,0
0,1,3,1,80.0,1,3,1,38.0,0,0
2,0,0,2,100.0,2,2,1,34.0,1,0
1,2,0,2,60.0,2,5,1,43.0,0,0
1,0,3,2,60.0,5,4,3,40.0,1,1
0,0,2,1,80.0,3,5,10,18.0,0,0
3,1,3,2,80.0,3,4,12,48.0,0,1
6,3,0,1,120.0,1,0,6,44.0,1,0
4,0,2,2,80.0,2,6,6,49.0,1,1
1,2,1,1,80.0,2,5,5,24.0,0,0
0,4,0,1,100.0,5,5,7,30.0,1,0
0,0,3,1,60.0,5,3,5,18.0,0,1
6,0,0,1,60.0,3,1,2,18.0,1,0
6,2,0,0,100.0,2,0,4,28.0,0,0
8,3,3,1,60.0,1,1,1,40.0,0,0
8,0,2,2,60.0,4,0,7,30.0,0,0
3,0,0,0,80.0,1,0,4,26.0,1,1
3,3,2,1,120.0,5,2,4,39.0,0,0
2,2,2,2,60.0,1,2,4,18.0,1,1
3,0,1,1,120.0,2,2,3,28.0,1,2
5,3,0,1,60.0,3,4,8,39.0,0,0
6,0,1,1,60.0,4,3,4,30.0,0,0
5,4,0,0,120.0,3,1,8,50.0,0,0
4,1,3,1,80.0,4,6,9,27.0,0,0
0,4,0,2,60.0,4,0,1,27.0,0,0
3,0,0,2,120.0,2,0,4,23.0,1,2
0,2,3,0,60.0,2,3,6,25.0,0,0
1,1,0,1,100.0,5,5,8,38.0,1,1
2,4,0,2,100.0,5,4,6,44.0,0,0
1,3,0,2,100.0,4,6,12,60.0,0,0
2,2,3,2,100.0,5,2,6,41.0,0,0
8,4,0,0,80.0,2,0,10,20.0,1,0
0,3,2,2,100.0,5,5,4,49.0,0,0
2,0,0,1,120.0,4,1,9,40.0,1,1
7,3,0,1,60.0,3,0,7,35.0,0,0
5,4,0,1,120.0,1,5,11,47.0,1,0
2,4,0,1,100.0,5,1,6,34.0,1,1
2,0,0,1,80.0,2,4,1,32.0,1,0
5,3,0,1,100.0,3,2,2,25.0,0,0
0,3,1,1,100.0,2,3,12,50.0,0,1
0,0,3,0,80.0,5,1,6,64.5,1,2
5,3,0,1,80.0,4,0,11,36.0,0,0
1,0,0,0,80.0,1,6,1,35.0,0,0
7,2,2,1,80.0,1,1,11,37.0,1,2
4,4,0,2,80.0,3,6,5,40.0,0,0
7,2,0,2,80.0,1,6,1,18.0,0,0
0,1,3,1,60.0,4,1,3,38.0,0,2
8,1,3,1,100.0,2,3,12,38.0,0,1
3,1,3,1,100.0,4,3,12,37.0,1,1
2,0,0,1,100.0,3,4,12,37.0,1,2
5,3,0,0,120.0,3,3,7,36.0,0,0
5,2,3,2,80.0,1,1,5,18.0,1,1
2,2,0,1,60.0,4,3,12,26.0,0,0
3,2,3,1,120.0,2,5,10,45.0,0,2
4,2,0,1,60.0,4,2,1,48.0,0,0
3,1,0,1,120.0,2,6,1,34.0,1,1
3,2,1,2,120.0,2,2,8,23.0,1,0
3,3,2,1,80.0,4,0,11,43.0,0,1
4,1,3,2,60.0,5,6,9,38.0,0,0
4,2,0,1,120.0,4,0,7,33.0,0,0
0,0,0,1,60.0,2,5,3,45.0,1,1
2,4,0,2,80.0,3,5,12,20.0,0,0
4,4,0,1,80.0,3,2,6,48.0,0,0
4,4,1,0,80.0,1,5,3,18.0,0,0
0,1,0,0,80.0,3,1,10,25.0,0,0
5,2,0,1,100.0,5,6,4,22.0,0,0
0,1,0,1,120.0,2,0,12,28.0,0,0
1,3,3,2,100.0,4,3,4,38.0,0,0
1,0,0,0,80.0,4,2,3,43.0,1,2
8,0,0,2,120.0,5,2,10,34.0,0,2
3,4,0,1,120.0,3,5,6,19.0,0,0
2,4,2,0,60.0,2,5,5,18.0,0,0
6,4,0,1,80.0,3,0,11,45.0,0,0
7,2,0,2,100.0,1,6,9,43.0,0,0
0,3,2,0,60.0,3,6,9,47.0,0,1
5,3,0,1,120.0,1,2,3,33.0,0,0
7,3,3,0,100.0,4,0,9,34.0,1,0
5,3,0,1,80.0,2,2,12,27.0,0,0
7,4,1,0,100.0,1,3,3,40.0,1,0
0,0,3,1,100.0,3,4,4,29.0,0,2
6,4,0,0,100.0,3,6,1,25.0,0,0
7,3,0,1,60.0,4,0,5,37.0,0,0
0,4,0,2,120.0,5,3,12,37.0,0,1
4,3,1,2,100.0,5,0,9,45.0,1,0
6,1,0,1,100.0,3,2,2,19.0,0,0
5,0,3,1,60.0,5,5,4,46.0,0,0
1,1,0,2,80.0,2,0,10,36.0,0,0
3,2,1,1,80.0,5,2,2,47.0,1,0
1,4,0,2,100.0,2,1,8,47.0,0,0
6,2,0,1,60.0,3,5,9,18.0,0,0
5,4,0,0,80.0,3,5,3,34.0,0,0
7,1,3,1,60.0,3,6,9,48.0,1,1
5,3,0,1,60.0,4,4,6,19.0,0,0
7,3,0,1,100.0,5,6,6,18.0,0,0
0,4,0,1,100.0,1,1,7,44.0,0,0
6,3,0,1,60.0,1,2,12,36.0,0,0
0,1,0,1,60.0,3,5,5,27.0,1,2
8,3,3,0,100.0,5,5,6,52.0,0,0
7,1,0,2,60.0,2,3,11,38.0,0,1
4,2,2,2,100.0,1,0,1,18.0,1,1
0,1,1,1,120.0,3,4,3,22.0,0,0
8,0,3,2,60.0,1,4,12,47.0,0,2
2,0,0,1,100.0,1,0,9,35.0,0,0
1,0,0,2,60.0,1,1,12,34.0,1,1
5,4,0,1,100.0,3,4,5,40.0,0,0
8,4,0,1,100.0,3,5,5,27.0,0,2
6,4,3,1,100.0,4,1,8,20.0,1,0
0,1,3,0,80.0,4,6,11,47.0,0,0
6,4,1,1,60.0,4,6,11,34.0,1,0
1,2,0,2,80.0,1,1,2,40.0,1,2
4,0,3,1,60.0,5,5,7,18.0,0,0
6,1,0,2,60.0,3,3,9,57.0,1,2
7,0,3,0,120.0,4,6,7,56.0,0,2
4,4,0,1,120.0,5,2,12,50.0,1,0
4,1,0,1,80.0,4,5,5,38.0,1,0
8,3,0,0,120.0,4,0,6,36.0,0,0
4,2,3,2,120.0,5,4,4,40.0,0,0
3,4,1,1,60.0,4,3,12,21.0,0,0
1,4,0,2,100.0,1,3,7,28.0,0,0
4,2,0,2,60.0,1,1,1,27.0,0,0
6,2,0,1,120.0,1,4,4,42.0,1,2
2,3,3,2,60.0,2,0,3,37.0,0,0
3,4,0,1,80.0,4,6,4,23.0,0,0
3,4,3,1,100.0,2,3,1,18.0,1,0
7,0,1,2,120.0,3,2,12,39.0,0,0
4,1,1,1,100.0,5,5,2,22.0,1,0
7,1,0,1,60.0,3,3,12,19.0,0,0
7,0,2,2,60.0,2,3,11,60.0,0,0
2,1,3,0,60.0,1,5,9,62.0,0,0
8,2,0,0,60.0,4,0,7,29.0,1,0
4,1,3,0,120.0,4,1,6,18.0,0,1
0,1,2,0,60.0,1,3,2,49.0,0,0
7,0,0,1,120.0,4,3,1,39.0,0,2
1,3,0,1,60.0,5,4,2,44.0,1,1
5,1,0,2,100.0,5,2,7,27.0,0,0
1,1,0,1,100.0,5,6,2,22.0,0,0
2,3,0,2,60.0,3,1,3,32.0,0,0
2,0,1,2,60.0,1,2,8,37.0,0,0
6,3,3,1,80.0,5,2,7,26.0,0,0
8,0,3,0,100.0,2,0,12,50.0,0,2
7,2,0,2,120.0,5,0,11,18.0,0,0
1,0,3,1,100.0,3,5,11,39.0,0,1
5,2,0,0,120.0,2,6,11,36.0,0,0
2,2,0,1,60.0,1,1,9,49.0,0,0
2,0,3,1,100.0,1,5,12,23.0,0,2
8,4,0,2,100.0,5,3,4,43.0,0,0
5,0,3,2,80.0,2,6,7,40.0,0,2
5,1,0,2,80.0,2,4,1,37.0,1,0
8,1,0,2,100.0,5,4,11,24.0,0,1
2,4,0,2,100.0,5,5,11,25.0,0,1
4,2,0,1,100.0,4,1,2,31.0,0,0
4,4,3,0,120.0,4,6,7,28.0,0,1
8,1,3,0,60.0,5,4,2,50.0,0,0
5,4,0,1,100.0,3,4,6,36.0,0,0
7,0,0,1,60.0,4,1,10,44.0,0,0
8,4,1,0,80.0,5,5,12,18.0,1,0
8,2,0,0,80.0,2,0,9,18.0,1,0
3,0,0,0,80.0,4,3,11,32.0,0,1
1,3,3,0,100.0,3,2,5,19.0,0,0
5,1,0,2,80.0,1,3,10,35.0,0,1
6,1,2,2,100.0,2,6,7,24.0,0,2
6,4,3,2,80.0,3,4,1,38.0,0,1
5,0,0,1,60.0,3,2,8,25.0,0,2
3,3,0,2,80.0,3,2,9,41.0,0,0
3,0,0,2,80.0,2,0,5,24.0,1,1
2,1,2,2,100.0,3,2,6,34.0,0,1
1,0,3,2,60.0,1,1,11,45.0,0,1
4,3,0,1,80.0,4,5,8,25.0,0,0
0,4,0,1,80.0,2,6,4,51.0,0,0
0,2,3,1,60.0,3,1,2,27.0,0,0
0,0,3,1,80.0,5,5,10,25.0,0,0
5,2,0,1,120.0,4,1,8,31.0,0,2
6,1,0,0,100.0,2,4,2,28.0,0,0
6,4,0,1,60.0,5,4,5,36.0,0,0
4,4,3,1,100.0,5,0,6,39.0,0,0
5,0,1,2,120.0,3,1,5,41.0,0,0
0,4,0,2,120.0,2,3,6,33.0,0,0
7,0,3,1,120.0,3,2,6,18.0,0,0
6,0,0,2,60.0,1,4,3,55.0,0,2
2,2,0,2,120.0,5,5,11,30.0,0,0
8,4,0,1,60.0,1,0,11,29.0,0,0
7,0,2,1,60.0,3,2,3,33.0,1,0
6,2,0,0,80.0,4,6,9,31.0,0,1
3,3,3,2,60.0,5,1,3,18.0,1,1
6,2,0,2,120.0,4,3,3,41.0,0,0
2,2,0,1,60.0,2,4,11,25.0,1,1
0,0,0,1,100.0,5,3,2,31.0,0,0
3,1,3,2,100.0,1,2,7,56.0,1,0
5,1,0,1,120.0,4,5,10,46.0,1,0
1,1,3,1,60.0,2,1,10,54.0,0,0
0,2,0,2,80.0,5,3,4,26.0,0,0
1,0,0,1,60.0,2,5,1,43.0,0,0
7,4,0,2,60.0,1,0,6,34.0,0,1
8,2,0,2,100.0,5,4,5,34.0,1,0
3,2,0,1,120.0,2,4,11,25.0,0,0
4,0,0,2,100.0,3,0,2,48.0,1,2
3,3,3,1,100.0,5,5,6,28.0,0,2
6,2,3,2,80.0,5,3,1,36.0,0,2
6,3,0,1,80.0,5,1,3,45.0,1,0
6,3,0,1,60.0,5,5,4,34.0,0,0
7,1,0,2,60.0,3,1,3,21.0,0,1
0,0,0,1,80.0,1,2,6,64.5,0,0
4,3,0,0,120.0,3,0,11,34.0,1,0
4,0,2,1,120.0,3,6,4,54.0,0,0
6,1,0,1,80.0,2,1,1,34.0,1,0
1,0,0,2,100.0,4,4,5,29.0,0,0
7,2,0,1,120.0,4,2,5,31.0,0,0
6,3,0,1,120.0,2,4,9,34.0,0,0
8,0,3,2,80.0,3,2,8,51.0,0,0
0,4,0,2,120.0,2,4,8,34.0,0,0
5,0,0,0,60.0,5,5,5,32.0,0,0
8,3,3,0,60.0,2,3,8,18.0,0,2
1,1,0,1,120.0,2,5,10,35.0,0,2
3,1,3,2,60.0,5,5,7,36.0,0,0
3,3,3,1,100.0,4,3,1,50.0,0,2
8,2,0,2,120.0,5,2,12,18.0,0,0
6,2,3,1,80.0,1,2,7,29.0,0,0
5,1,0,0,60.0,2,3,11,28.0,0,0
2,1,3,2,100.0,2,4,8,34.0,1,2
2,3,0,0,100.0,4,1,3,36.0,0,0
1,2,0,2,60.0,3,2,9,40.0,1,0
6,1,3,0,100.0,5,4,8,18.0,0,0
4,2,2,2,120.0,3,1,2,37.0,0,0
4,1,1,1,100.0,1,3,6,37.0,0,0
0,0,3,1,100.0,5,5,4,35.0,0,1
5,4,0,1,100.0,1,2,3,32.0,0,1
5,0,0,1,60.0,1,6,11,18.0,0,0
3,1,0,2,60.0,1,5,6,41.0,1,0
7,4,0,2,100.0,5,0,10,23.0,0,1
1,4,0,2,60.0,5,1,9,34.0,0,0
2,1,1,0,60.0,4,6,2,50.0,0,0
1,1,0,0,80.0,2,5,10,18.0,0,2
4,2,0,1,120.0,3,2,10,41.0,0,2
4,1,0,1,60.0,3,6,10,20.0,0,0
8,3,2,1,120.0,1,4,5,34.0,0,0
0,1,3,1,80.0,5,1,6,33.0,0,0
5,3,3,2,80.0,5,0,4,44.0,0,1
1,1,0,2,80.0,1,4,7,42.0,0,2
4,2,2,2,80.0,2,6,2,38.0,0,0
7,3,0,0,120.0,3,5,7,18.0,0,0
3,0,2,2,100.0,4,1,2,18.0,0,2
2,3,3,1,100.0,2,2,1,45.0,0,0
0,2,0,2,120.0,5,0,11,43.0,1,0
7,3,0,1,60.0,1,5,5,23.0,0,1
0,1,3,1,120.0,3,0,2,39.0,0,0
8,1,0,1,60.0,1,2,8,32.0,1,0
4,2,2,1,60.0,5,3,12,48.0,0,0
3,4,0,1,100.0,1,1,12,36.0,0,0
7,1,0,1,80.0,3,6,12,45.0,0,0
0,0,0,2,100.0,1,0,8,27.0,1,1
5,2,0,2,100.0,3,1,1,38.0,0,0
8,3,0,1,120.0,1,0,4,30.0,0,0
5,3,0,1,120.0,1,5,9,27.0,0,0
3,0,3,2,60.0,3,0,5,18.0,0,0
7,1,0,1,120.0,1,3,12,46.0,0,0
8,2,1,0,60.0,2,5,11,55.0,0,0
7,0,3,2,60.0,4,5,10,18.0,1,2
4,1,2,1,80.0,2,1,6,43.0,1,1
6,2,0,1,80.0,4,4,3,42.0,0,0
8,3,0,1,100.0,2,2,5,28.0,0,0
5,2,0,1,80.0,4,0,12,26.0,0,0
3,4,3,1,60.0,1,6,1,49.0,0,1
4,2,2,2,120.0,3,5,8,47.0,0,0
6,4,0,1,80.0,3,4,11,40.0,0,0
2,2,0,2,80.0,5,5,6,28.0,0,0
4,4,2,2,80.0,4,4,12,48.0,0,0
3,3,0,1,80.0,5,4,2,24.0,1,0
0,1,3,1,60.0,5,6,4,52.0,0,0
8,4,3,1,60.0,4,4,4,54.0,1,1
7,4,2,1,100.0,3,6,9,49.0,1,2
3,3,0,2,120.0,4,1,9,34.0,0,0
8,4,0,1,100.0,1,5,5,18.0,0,0
7,0,3,2,100.0,5,6,12,34.0,0,1
1,3,1,1,80.0,5,2,3,56.0,1,1
5,0,0,1,120.0,4,3,1,46.0,0,0
2,3,0,2,80.0,5,5,6,40.0,1,1
4,4,3,2,60.0,3,3,8,26.0,0,0
3,0,1,1,100.0,5,2,1,47.0,0,0
2,4,2,1,120.0,4,0,11,18.0,1,2
0,3,1,2,60.0,3,2,1,32.0,0,0
8,4,0,1,100.0,3,1,11,55.0,1,2
8,0,0,1,120.0,5,0,7,25.0,0,0
3,0,3,2,100.0,4,0,7,42.0,0,2
6,4,2,1,120.0,5,4,2,18.0,0,0
6,2,0,2,100.0,1,2,3,27.0,1,0
1,3,0,2,80.0,1,4,2,37.0,1,0
5,3,3,2,100.0,3,2,6,39.0,1,1
7,4,0,2,100.0,5,0,8,59.0,0,0
0,2,0,2,120.0,1,4,8,28.0,0,1
2,0,3,2,120.0,2,3,1,42.0,0,2
6,1,3,0,80.0,1,5,11,41.0,0,0
1,1,3,1,120.0,5,2,9,27.0,1,0
1,4,0,1,100.0,5,2,11,46.0,1,2
3,2,3,2,120.0,1,4,8,43.0,0,0
0,2,3,2,120.0,5,2,9,31.0,0,1
7,3,3,1,120.0,5,0,9,37.0,1,2
5,0,3,0,100.0,2,4,11,23.0,1,2
4,2,0,1,80.0,3,4,12,34.0,0,0
3,1,0,2,60.0,5,6,6,34.0,1,1
7,0,0,2,80.0,4,3,3,43.0,0,0
4,0,0,0,80.0,3,3,1,30.0,0,0
4,4,3,1,80.0,3,6,11,27.0,0,0
0,2,2,2,100.0,4,0,8,32.0,0,0
0,4,3,1,60.0,1,5,10,44.0,0,0
2,2,3,1,100.0,2,2,3,18.0,0,1
1,3,0,1,80.0,5,1,7,45.0,1,0
7,4,0,2,80.0,1,2,10,41.0,0,0
3,4,0,1,60.0,4,1,6,18.0,0,0
8,1,0,1,60.0,2,3,3,32.0,0,0
3,4,0,2,120.0,2,0,6,42.0,0,0
2,2,3,2,80.0,2,5,12,18.0,0,2
5,1,1,2,80.0,4,5,3,22.0,0,2
1,4,0,0,100.0,1,5,9,18.0,1,1
8,4,0,1,120.0,5,6,1,28.0,0,0
6,3,3,0,100.0,2,0,8,47.0,0,0
5,4,0,0,100.0,2,1,5,44.0,0,2
0,0,2,1,60.0,1,5,4,28.0,0,1
4,1,3,1,100.0,2,0,1,47.0,0,0
6,0,0,1,80.0,2,2,9,42.0,0,0
3,1,0,1,100.0,4,1,9,50.0,0,0
3,3,3,2,100.0,3,3,5,33.0,0,0
0,4,0,2,120.0,1,6,11,41.0,1,1
2,4,3,2,100.0,1,4,9,64.5,0,0
7,4,0,2,60.0,1,1,10,31.0,0,0
6,1,0,1,120.0,4,3,9,34.0,0,0
6,4,3,0,100.0,4,3,7,33.0,0,1
5,0,3,1,120.0,5,3,8,33.0,0,1
1,4,2,0,80.0,4,2,1,41.0,0,1
5,3,3,1,100.0,1,1,4,35.0,0,2
7,0,3,0,100.0,5,1,10,18.0,0,1
3,4,0,1,100.0,3,4,10,35.0,0,1
3,4,3,1,80.0,2,5,4,34.0,0,0
3,2,3,1,100.0,2,2,12,18.0,0,1
3,1,2,2,100.0,5,3,9,48.0,0,0
7,0,1,0,80.0,3,4,3,28.0,0,2
0,2,0,1,100.0,2,1,12,39.0,0,0
1,3,2,0,120.0,5,2,10,18.0,1,0
7,1,0,2,100.0,4,6,10,34.0,1,0
1,0,0,2,60.0,1,1,1,31.0,1,0
7,4,3,2,120.0,3,6,11,18.0,0,0
3,0,0,1,120.0,2,0,5,28.0,0,0
0,4,3,1,60.0,1,6,7,26.0,0,2
6,1,0,0,60.0,5,1,12,44.0,0,0
5,4,0,0,80.0,2,4,4,36.0,0,0
4,3,3,0,120.0,1,1,9,18.0,0,1
0,4,3,0,80.0,4,1,6,40.0,0,0
6,3,1,1,80.0,3,0,6,34.0,0,0
2,1,3,2,100.0,5,3,3,21.0,0,0
7,1,3,1,80.0,2,5,10,35.0,0,0
2,0,0,0,80.0,4,1,10,27.0,1,0
6,3,0,1,80.0,3,0,5,49.0,0,0
0,3,0,2,80.0,3,4,10,37.0,0,0
7,2,3,2,60.0,4,0,6,42.0,1,0
4,2,3,1,120.0,2,0,4,43.0,0,2
3,2,0,1,100.0,3,6,3,29.0,1,0
7,4,3,0,60.0,5,5,5,22.0,0,1
7,2,3,2,100.0,1,5,7,34.0,0,2
0,3,0,1,100.0,5,2,11,45.0,1,0
0,4,0,2,60.0,3,3,6,32.0,0,1
6,1,2,2,80.0,1,4,2,42.0,0,0
8,0,3,1,100.0,4,2,1,34.0,0,1
7,2,2,1,100.0,1,3,5,18.0,0,1
5,1,0,0,100.0,1,3,5,18.0,1,0
7,3,1,2,80.0,1,0,12,53.0,0,0
6,0,0,2,60.0,3,4,12,20.0,0,0
1,1,0,2,120.0,2,3,6,34.0,1,2
2,0,1,1,100.0,3,4,3,46.0,0,2
3,2,0,1,60.0,2,5,1,20.0,1,1
8,3,3,1,80.0,4,5,4,26.0,0,0
4,0,0,1,80.0,4,5,4,32.0,0,1
4,1,3,2,120.0,4,1,10,30.0,0,2
4,2,1,0,100.0,4,0,2,23.0,1,0
0,2,0,1,120.0,4,4,8,32.0,0,0
4,1,3,1,120.0,5,0,6,43.0,0,2
3,1,0,2,120.0,3,3,12,33.0,0,2
2,0,3,0,120.0,2,4,3,27.0,0,0
4,4,0,2,80.0,4,4,1,46.0,0,2
7,2,0,0,100.0,5,2,12,55.0,0,0
7,0,0,2,120.0,5,4,11,46.0,0,2
0,1,0,2,100.0,5,4,3,21.0,0,0
3,0,1,1,80.0,3,6,8,21.0,0,0
2,1,0,1,80.0,4,6,4,40.0,0,0
8,3,0,1,100.0,5,2,3,37.0,1,2
6,1,0,2,60.0,5,1,11,20.0,0,0
2,1,0,0,100.0,4,5,4,38.0,1,1
6,1,3,0,60.0,3,3,11,36.0,0,0
1,4,1,1,120.0,5,3,4,52.0,1,1
6,1,0,1,100.0,2,4,2,29.0,0,0
5,2,2,1,80.0,1,0,4,51.0,1,0
7,2,3,1,80.0,1,3,11,52.0,0,0
3,0,0,2,120.0,1,6,12,26.0,1,0
0,4,3,0,60.0,3,5,9,39.0,0,1
5,0,3,0,100.0,5,1,4,32.0,0,0
6,2,3,2,100.0,1,5,12,31.0,0,0
4,2,2,2,120.0,1,4,1,37.0,1,0
3,3,0,2,60.0,4,5,1,25.0,0,0
5,1,0,1,100.0,5,4,1,18.0,0,0
0,2,3,2,120.0,5,2,5,28.0,0,0
7,0,0,2,100.0,4,6,6,49.0,1,1
3,0,3,2,80.0,5,6,12,32.0,0,1
0,1,0,1,100.0,2,4,6,34.0,0,0
1,1,1,1,100.0,3,0,6,44.0,0,0
1,3,3,1,100.0,4,6,9,18.0,0,0
0,4,0,0,100.0,1,0,1,40.0,0,0
5,0,0,1,60.0,5,4,10,34.0,0,2
3,1,3,2,120.0,2,2,6,36.0,1,1
5,0,0,2,60.0,2,4,8,18.0,1,0
8,1,0,1,100.0,3,2,8,34.0,0,0
6,2,0,2,100.0,2,3,12,42.0,0,1
8,0,0,0,60.0,5,6,3,36.0,0,0
1,2,0,1,60.0,5,0,5,38.0,0,0
7,0,0,0,100.0,2,4,10,39.0,0,0
2,4,0,1,100.0,5,3,4,23.0,0,0
6,3,3,1,80.0,5,6,12,25.0,1,1
1,2,3,0,120.0,1,3,1,30.0,0,0
5,1,0,2,60.0,4,2,9,39.0,0,0
5,4,0,0,120.0,5,4,5,20.0,0,0
5,0,3,2,100.0,5,3,2,59.0,1,2
7,2,0,0,120.0,3,3,12,18.0,0,1
8,0,0,2,60.0,4,2,2,18.0,0,0
2,0,0,2,60.0,4,5,11,41.0,1,1
5,0,2,2,120.0,4,2,7,40.0,0,2
6,3,3,1,60.0,2,5,4,34.0,0,0
3,3,3,0,80.0,1,6,1,43.0,0,0
2,1,3,1,100.0,1,4,5,41.0,1,0
7,2,3,2,100.0,3,3,2,35.0,0,0
2,4,0,1,60.0,4,6,7,38.0,1,2
3,4,3,2,100.0,4,1,9,18.0,1,1
6,4,0,1,80.0,5,2,1,33.0,0,0
3,0,3,1,60.0,2,6,12,34.0,0,0
0,3,3,0,80.0,2,6,2,57.0,1,0
6,2,3,1,80.0,3,3,11,25.0,0,1
2,0,0,2,100.0,1,5,6,34.0,0,1
5,3,0,1,100.0,4,2,8,52.0,0,0
2,3,3,1,120.0,3,5,7,41.0,0,2
2,2,3,1,80.0,2,4,9,35.0,1,0
6,2,2,2,100.0,2,6,2,46.0,1,1
0,2,0,1,80.0,2,2,12,25.0,0,0
2,0,3,0,120.0,4,6,9,55.0,0,0
1,1,3,1,80.0,4,4,4,42.0,1,1
4,2,2,1,60.0,4,0,11,18.0,1,1
4,1,3,1,120.0,5,4,3,27.0,0,0
2,0,3,1,100.0,1,5,7,18.0,0,1
5,1,3,2,80.0,2,5,5,44.0,0,0
7,4,0,0,80.0,2,6,5,41.0,0,0
7,1,1,2,100.0,5,5,12,29.0,0,0
6,2,0,1,60.0,2,2,2,49.0,1,2
4,0,0,1,120.0,2,4,6,33.0,1,2
2,2,1,1,120.0,4,6,6,64.5,0,0
7,4,3,0,120.0,4,4,12,20.0,0,2
2,2,3,1,100.0,1,4,4,42.0,0,0
6,2,0,2,60.0,2,6,5,30.0,0,0
4,2,0,1,120.0,3,3,7,26.0,0,1
3,3,3,1,120.0,2,0,8,32.0,1,0
1,4,3,1,100.0,2,3,6,39.0,0,0
1,2,0,1,80.0,1,5,5,35.0,0,0
7,2,0,2,120.0,3,1,12,43.0,0,0
1,2,2,1,60.0,2,3,3,42.0,0,0
3,0,0,2,60.0,3,1,7,52.0,1,1
2,3,2,1,60.0,4,1,8,20.0,1,0
6,0,0,0,60.0,4,5,3,18.0,0,0
3,3,3,1,100.0,3,0,5,34.0,1,0
6,2,1,0,120.0,2,4,11,25.0,0,0
6,4,3,2,100.0,3,6,2,45.0,0,0
4,1,0,0,60.0,3,0,10,22.0,0,0
2,1,3,1,60.0,4,1,10,34.0,0,1
1,2,0,2,60.0,3,2,12,31.0,0,0
4,0,0,1,100.0,5,5,4,56.0,0,1
6,4,1,1,100.0,5,3,12,60.0,0,0
7,3,3,1,120.0,4,5,4,21.0,0,2
1,2,3,1,60.0,2,3,12,18.0,1,1
1,4,0,0,120.0,2,6,8,28.0,0,0
2,4,0,1,120.0,4,2,3,34.0,1,0
0,3,0,2,60.0,2,4,5,34.0,0,0
8,4,3,2,100.0,1,0,11,33.0,0,1
8,0,3,2,80.0,5,2,5,44.0,0,0
8,0,3,2,80.0,1,0,2,30.0,0,1
0,0,2,1,120.0,1,0,9,37.0,0,0
2,4,0,2,100.0,1,4,4,42.0,0,0
0,0,0,1,80.0,4,4,9,37.0,1,2
8,3,0,0,60.0,1,3,9,43.0,1,2
4,4,0,2,60.0,3,4,2,18.0,0,0
3,1,0,0,120.0,2,6,9,36.0,0,0
6,4,1,1,100.0,4,5,9,37.0,0,2
0,3,0,1,100.0,3,1,2,33.0,0,0
2,1,1,1,80.0,3,4,11,27.0,1,1
2,4,0,1,80.0,5,5,6,40.0,0,0
3,0,1,1,60.0,5,3,9,36.0,0,0
7,2,3,2,120.0,3,4,4,34.0,0,1
1,2,1,1,100.0,5,1,2,31.0,0,1
8,0,0,2,80.0,2,2,7,31.0,0,1
7,2,3,0,100.0,2,4,9,25.0,0,2
8,2,1,2,120.0,5,5,6,29.0,0,0
3,0,0,1,120.0,1,3,11,23.0,0,1
8,0,0,1,60.0,3,3,11,30.0,0,0
3,4,0,1,120.0,2,6,4,39.0,0,0
5,4,1,1,60.0,5,3,1,44.0,1,1
7,0,3,2,60.0,5,2,4,34.0,1,2
7,3,0,1,120.0,2,3,3,34.0,1,0
1,2,0,0,120.0,2,3,7,34.0,1,0
3,4,0,2,120.0,1,2,11,34.0,0,0
0,2,2,2,120.0,5,2,11,32.0,0,2
5,1,0,1,120.0,5,1,10,40.0,0,0
4,0,3,1,60.0,4,5,5,39.0,1,0
8,3,1,2,80.0,1,0,12,27.0,1,0
5,1,0,1,100.0,2,3,3,43.0,0,0
3,1,3,1,100.0,2,0,2,18.0,1,1
6,1,0,1,60.0,3,0,2,47.0,0,1
8,0,3,1,60.0,2,6,5,20.0,0,0
2,4,0,2,80.0,5,4,8,33.0,0,0
7,0,3,1,120.0,2,3,8,44.0,0,2
3,4,0,2,60.0,5,4,12,29.0,0,1
2,1,0,1,100.0,5,4,5,37.0,0,0
1,1,3,2,120.0,1,6,2,45.0,1,0
4,3,0,0,60.0,2,0,4,57.0,0,2
4,4,3,0,120.0,1,2,7,34.0,0,1
2,1,0,1,100.0,5,4,6,37.0,0,2
7,2,3,1,120.0,2,2,10,35.0,1,0
1,3,0,1,60.0,2,2,7,32.0,1,0
6,0,3,2,60.0,1,6,5,18.0,1,1
7,3,0,2,100.0,1,6,2,21.0,0,1
5,2,0,2,80.0,5,5,8,34.0,0,2
4,4,0,1,80.0,5,3,12,39.0,0,0
5,0,3,2,120.0,2,4,2,50.0,0,1
8,0,0,1,60.0,2,0,12,32.0,0,0
0,4,2,2,60.0,4,1,8,53.0,0,1
3,3,2,1,100.0,4,6,7,20.0,0,1
1,1,0,2,100.0,3,2,3,37.0,1,2
7,3,3,1,60.0,5,5,4,31.0,0,0
4,2,0,1,100.0,3,1,7,19.0,1,0
5,1,0,2,80.0,3,6,4,18.0,0,0
8,3,3,1,80.0,1,5,9,29.0,0,0
3,4,3,2,120.0,1,2,7,30.0,0,0
3,2,3,2,100.0,4,4,1,24.0,1,2
7,2,0,2,100.0,3,3,1,44.0,0,0
1,2,0,1,100.0,4,3,4,30.0,0,0
6,1,0,1,100.0,5,5,9,23.0,0,1
7,0,3,2,80.0,2,6,4,32.0,0,2
5,1,3,1,60.0,1,3,5,27.0,0,0
0,3,3,2,100.0,5,3,1,54.0,0,0
2,0,0,1,100.0,5,4,2,31.0,1,0
6,3,0,1,100.0,1,2,11,23.0,1,0
1,0,0,1,60.0,1,0,4,54.0,0,1
8,1,0,1,120.0,3,3,12,34.0,0,0
6,2,0,1,120.0,4,5,4,34.0,0,0
4,4,2,2,100.0,5,1,11,25.0,0,2
1,2,2,2,100.0,3,2,10,44.0,0,1
0,1,3,1,120.0,3,4,6,18.0,0,2
4,0,0,0,120.0,5,2,6,43.0,0,2
6,2,0,2,100.0,5,4,8,38.0,0,0
2,1,2,0,100.0,2,2,12,46.0,1,0
2,3,0,2,120.0,4,0,9,18.0,0,0
0,4,1,2,80.0,5,5,1,23.0,0,0
3,2,0,1,100.0,1,1,1,23.0,0,0
8,0,0,1,100.0,2,3,6,21.0,1,0
3,3,1,1,120.0,4,0,4,40.0,0,1
2,1,0,2,100.0,1,5,11,31.0,0,0
2,4,3,1,80.0,1,1,4,24.0,0,2
5,0,3,2,120.0,4,2,1,21.0,0,1
4,1,0,1,60.0,2,3,9,23.0,0,0
6,1,0,2,60.0,1,1,12,45.0,0,0
8,2,3,1,100.0,3,6,11,34.0,0,0
0,2,3,1,60.0,4,1,3,44.0,0,0
6,0,0,1,60.0,4,5,5,64.5,0,0
5,1,1,1,60.0,5,0,10,34.0,0,0
2,2,0,1,60.0,2,3,1,18.0,0,0
0,4,0,2,100.0,3,0,8,33.0,1,0
2,4,0,1,60.0,3,3,3,57.0,1,0
8,1,0,1,60.0,5,6,1,48.0,1,1
4,2,0,2,120.0,1,5,10,27.0,0,0
6,0,1,1,60.0,1,1,6,31.0,0,0
6,0,0,0,120.0,3,6,1,44.0,0,0
3,0,0,0,100.0,2,2,3,40.0,0,0
0,4,0,1,100.0,1,4,5,44.0,1,0
5,2,3,1,100.0,4,2,4,32.0,1,0
3,2,2,1,80.0,5,5,7,39.0,0,0
8,4,0,2,60.0,2,6,6,31.0,0,0
5,0,0,2,120.0,1,0,12,51.0,1,2
4,0,0,2,60.0,3,6,3,18.0,1,0
4,1,0,2,100.0,5,4,11,34.0,0,2
4,3,0,1,80.0,1,5,8,26.0,0,0
4,2,0,2,80.0,3,6,8,26.0,0,1
3,2,0,2,100.0,1,3,2,18.0,0,1
1,2,3,2,100.0,5,2,7,34.0,0,0
5,3,0,0,120.0,4,1,1,47.0,0,2
0,1,1,2,100.0,4,2,2,32.0,1,0
8,3,1,1,80.0,3,5,8,32.0,0,0
7,0,3,1,60.0,4,6,12,35.0,0,0
2,0,0,1,120.0,5,2,1,54.0,0,2
0,2,0,1,60.0,3,6,2,36.0,0,0
2,4,0,0,80.0,1,2,12,33.0,1,0
5,2,3,1,60.0,2,5,1,27.0,0,0
0,4,0,2,100.0,1,0,5,42.0,0,0
4,3,2,2,120.0,5,2,7,34.0,0,0
4,0,1,1,120.0,3,1,6,54.0,0,0
7,4,0,0,100.0,1,2,6,33.0,0,0
2,3,0,0,100.0,3,5,6,47.0,0,0
8,0,0,2,120.0,4,2,8,26.0,0,2
5,4,0,1,120.0,2,1,5,26.0,1,0
4,2,0,1,120.0,5,3,10,18.0,0,1
1,2,0,1,80.0,1,1,7,44.0,0,0
3,2,2,1,80.0,2,5,3,34.0,0,2
3,3,0,2,80.0,5,6,9,42.0,1,0
8,2,0,0,60.0,5,2,10,55.0,1,0
3,1,3,2,80.0,4,0,3,24.0,1,2
2,0,3,0,120.0,3,1,6,23.0,0,2
4,3,0,2,80.0,3,3,3,25.0,0,0
4,2,2,1,120.0,2,1,1,18.0,1,0
1,0,3,0,100.0,4,2,1,32.0,1,1
0,4,0,1,60.0,5,6,3,45.0,0,0
3,2,0,0,60.0,4,2,4,35.0,0,0
2,0,0,1,100.0,4,3,2,18.0,0,0
6,1,2,1,120.0,2,3,9,30.0,1,0
3,4,3,0,60.0,3,5,11,36.0,0,0
8,1,2,2,80.0,4,0,8,46.0,0,0
0,0,0,0,120.0,4,2,12,44.0,1,2
3,1,0,0,60.0,4,1,3,30.0,0,0
2,0,0,1,100.0,1,1,7,30.0,0,0
3,0,0,2,120.0,4,5,4,42.0,0,0
8,1,3,1,60.0,4,6,5,27.0,0,0
6,0,3,2,100.0,5,2,4,45.0,0,1
5,2,0,2,120.0,1,4,9,27.0,0,0
7,0,0,1,80.0,4,6,11,53.0,0,1
6,3,0,2,120.0,4,1,7,37.0,0,2
3,0,0,2,80.0,2,3,4,18.0,0,2
4,3,0,1,120.0,2,2,8,42.0,1,0
1,0,0,2,100.0,1,3,2,34.0,1,1
4,0,0,2,80.0,5,1,7,40.0,0,2
6,1,0,0,80.0,1,0,11,34.0,1,0
4,2,0,1,120.0,1,6,1,34.0,0,0
2,2,0,1,60.0,2,4,8,18.0,1,0
4,4,3,2,80.0,2,0,12,50.0,0,1
0,1,0,1,120.0,5,4,6,18.0,1,1
5,1,1,0,100.0,4,0,12,26.0,0,0
3,2,0,1,120.0,5,6,5,35.0,0,0
4,1,0,2,100.0,4,1,9,24.0,1,2
8,2,0,2,100.0,3,4,9,34.0,0,0
5,1,0,1,60.0,2,6,3,33.0,0,0
5,0,2,1,100.0,3,4,9,53.0,0,0
4,2,0,2,80.0,3,6,9,34.0,0,1
5,2,1,2,80.0,2,0,2,36.0,0,0
1,3,0,1,80.0,3,6,5,23.0,0,0
4,1,3,0,100.0,1,0,11,28.0,0,1
2,1,0,1,60.0,4,1,2,43.0,0,0
6,2,3,1,100.0,5,0,1,41.0,1,0
0,0,0,2,100.0,2,5,7,39.0,0,0
7,0,3,1,60.0,1,1,4,19.0,0,2
5,0,0,0,100.0,5,3,5,49.0,0,0
2,1,0,1,120.0,5,3,4,24.0,0,0
3,3,0,1,100.0,5,3,6,51.0,1,1
3,2,3,1,80.0,3,2,11,27.0,0,0
0,4,2,2,100.0,3,2,2,47.0,1,1
5,3,0,2,80.0,3,6,8,36.0,1,1
1,4,2,2,100.0,3,6,4,34.0,1,2
0,3,0,1,80.0,1,5,8,30.0,0,1
5,0,0,1,80.0,3,6,3,55.0,0,1
2,1,0,2,80.0,2,1,12,44.0,0,0
6,4,0,1,60.0,5,1,12,29.0,0,0
1,3,0,0,100.0,1,3,11,50.0,0,0
7,1,3,1,100.0,3,0,5,38.0,0,0
3,4,2,2,120.0,5,4,12,34.0,0,0
8,2,0,1,120.0,1,6,3,34.0,0,0
2,3,0,2,120.0,5,5,12,31.0,0,2
3,2,2,1,100.0,1,3,7,46.0,1,0
4,0,3,1,60.0,4,2,3,38.0,0,1
8,2,0,1,80.0,1,1,12,41.0,0,0
3,2,0,1,100.0,3,1,8,24.0,0,0
0,3,2,1,60.0,5,1,9,49.0,1,1
1,0,3,2,60.0,5,4,12,34.0,1,0
3,2,0,2,100.0,5,4,2,51.0,0,0
7,1,0,2,80.0,2,6,3,18.0,1,1
6,4,2,2,60.0,2,2,12,21.0,0,1
0,2,0,2,100.0,3,5,7,26.0,0,0
2,0,1,1,80.0,4,4,5,32.0,0,0
2,2,0,1,120.0,2,0,10,19.0,0,0
2,4,0,1,60.0,1,4,7,42.0,0,0
2,0,0,2,60.0,3,1,2,29.0,0,0
6,3,0,1,100.0,4,5,4,50.0,0,0
3,0,2,1,100.0,1,6,1,60.0,0,1
5,3,0,2,80.0,5,4,5,27.0,0,1
3,0,3,1,120.0,2,1,8,25.0,0,2
4,4,0,0,120.0,1,3,1,43.0,0,0
1,4,0,0,100.0,4,0,7,36.0,0,0
8,0,0,1,100.0,3,0,7,39.0,0,0
5,2,3,1,80.0,1,3,7,50.0,1,1
5,4,0,1,100.0,3,6,1,34.0,0,0
3,3,0,2,80.0,5,6,12,22.0,0,0
5,3,0,1,80.0,4,4,11,20.0,0,0
4,1,3,2,120.0,4,6,3,32.0,0,1
8,3,3,2,80.0,2,2,11,30.0,0,0
7,1,0,1,120.0,4,2,2,45.0,0,2
6,0,0,1,120.0,1,1,5,51.0,1,1
3,0,1,2,120.0,1,1,2,51.0,0,0
6,0,0,1,100.0,1,1,5,26.0,0,0
7,2,2,2,120.0,5,2,5,25.0,0,0
3,2,2,1,80.0,4,4,4,18.0,0,0
3,1,3,2,100.0,4,4,11,35.0,0,1
8,3,0,0,80.0,1,6,7,45.0,0,0
6,3,2,0,100.0,2,4,10,26.0,0,0
2,0,3,1,80.0,2,1,6,18.0,1,2
6,4,3,1,60.0,4,5,2,57.0,1,0
1,2,0,2,60.0,4,1,4,26.0,1,0
1,2,0,1,60.0,3,2,11,33.0,0,0
3,0,0,1,80.0,4,3,7,29.0,0,0
2,2,3,0,100.0,1,5,9,18.0,1,1
0,0,3,1,120.0,5,6,9,45.0,0,0
7,1,0,1,120.0,4,0,12,18.0,0,0
4,3,0,1,80.0,4,3,3,48.0,1,2
2,4,0,2,80.0,1,4,1,38.0,1,0
4,3,0,2,80.0,3,4,9,31.0,0,0
6,3,0,1,80.0,4,2,8,31.0,1,1
6,1,0,1,120.0,2,1,7,40.0,0,0
4,2,0,1,100.0,2,1,6,27.0,0,0
7,4,0,2,100.0,2,5,10,37.0,0,0
2,2,3,1,100.0,5,4,7,24.0,0,2
0,3,3,0,60.0,5,3,11,18.0,0,0
3,0,1,1,120.0,4,2,9,42.0,1,2
8,3,0,0,60.0,4,3,6,64.0,0,0
6,2,1,1,100.0,4,6,10,41.0,0,0
1,3,0,2,80.0,5,1,3,34.0,0,0
7,0,3,1,120.0,4,3,3,30.0,0,0
8,1,0,1,100.0,1,4,4,30.0,0,0
0,2,2,0,120.0,3,0,10,30.0,1,0
5,3,0,0,100.0,2,2,10,37.0,0,0
3,2,3,1,100.0,2,5,8,18.0,0,2
6,1,2,2,80.0,1,1,10,18.0,1,1
3,3,0,2,100.0,4,1,9,40.0,0,0
8,3,0,0,100.0,5,6,8,34.0,0,0
3,2,0,1,120.0,4,1,11,23.0,0,2
5,2,0,2,60.0,4,2,10,22.0,1,2
8,0,0,1,100.0,2,4,2,28.0,0,1
6,1,0,1,80.0,2,4,4,29.0,0,0
2,0,3,0,80.0,5,4,4,52.0,1,0
1,3,0,1,120.0,2,0,12,22.0,1,0
8,2,0,1,100.0,4,0,2,44.0,0,0
5,3,0,2,100.0,1,1,8,42.0,1,0
8,3,0,2,100.0,5,3,3,32.0,0,2
8,4,2,1,100.0,1,0,2,44.0,1,2
6,4,1,1,60.0,4,3,7,40.0,0,0
8,3,3,0,80.0,5,3,1,19.0,0,0
1,2,0,1,60.0,1,0,6,27.0,0,0
3,3,0,2,80.0,5,6,3,39.0,0,0
6,4,3,2,100.0,4,0,3,27.0,0,2
1,2,0,1,80.0,5,5,5,42.0,0,0
6,3,1,0,120.0,4,5,3,48.0,0,0
1,1,3,2,100.0,5,3,12,34.0,0,0
5,1,3,1,80.0,5,5,4,27.0,1,2
1,3,3,2,100.0,2,1,3,26.0,0,1
4,2,0,2,60.0,4,4,7,30.0,0,0
1,3,0,2,100.0,3,6,3,29.0,0,0
2,3,3,0,60.0,5,1,10,45.0,0,0
2,4,0,1,100.0,1,4,4,27.0,1,0
7,1,0,1,100.0,2,6,2,32.0,1,0
4,4,3,1,100.0,2,3,2,44.0,0,2
4,4,3,1,80.0,5,6,9,31.0,1,2
3,3,0,1,100.0,3,6,11,29.0,0,0
4,4,0,0,60.0,2,5,1,45.0,0,0
3,1,2,2,120.0,4,5,1,48.0,0,1
7,4,3,2,80.0,5,5,10,35.0,0,0
7,1,0,2,60.0,5,6,1,54.0,0,0
5,4,0,2,100.0,3,2,3,36.0,0,0
2,1,0,1,100.0,4,6,2,34.0,0,0
1,4,0,0,120.0,4,5,3,58.0,1,0
1,4,0,1,60.0,3,6,5,27.0,1,0
0,2,0,0,80.0,1,5,9,28.0,0,0
6,1,0,2,60.0,4,5,2,44.0,0,0
5,1,1,1,100.0,1,5,12,33.0,0,0
0,1,0,2,80.0,1,3,11,23.0,0,0
0,0,3,2,100.0,5,3,1,30.0,1,2
8,4,0,1,100.0,5,2,11,18.0,1,1
8,1,0,2,60.0,2,4,6,35.0,1,0
0,0,1,1,120.0,5,6,3,34.0,0,0
4,2,3,1,100.0,4,1,7,48.0,1,0
6,1,0,0,60.0,4,5,6,49.0,0,0
5,1,3,2,80.0,1,2,11,31.0,0,2
0,0,0,0,120.0,4,1,7,60.0,0,0
1,4,3,2,100.0,5,3,5,22.0,1,1
6,2,0,1,100.0,5,4,1,18.0,1,0
8,1,2,2,80.0,5,6,3,20.0,0,2
1,4,0,2,60.0,3,3,3,20.0,0,0
8,2,3,0,100.0,4,2,7,44.0,1,0
8,3,0,1,80.0,2,5,3,55.0,0,0
6,3,3,0,100.0,4,5,11,55.0,0,0
8,2,3,0,60.0,4,5,5,18.0,0,0
7,0,0,2,120.0,3,2,4,45.0,0,1
2,2,3,0,60.0,4,3,4,53.0,1,0
7,2,0,1,60.0,1,1,7,46.0,0,0
2,0,2,0,60.0,5,4,1,34.0,0,0
8,0,0,2,80.0,5,6,7,37.0,0,1
5,4,2,1,100.0,3,4,8,23.0,0,0
5,4,2,0,120.0,5,3,3,34.0,0,1
2,0,0,1,80.0,1,5,3,18.0,1,2
1,3,0,1,60.0,3,4,4,43.0,0,0
6,3,0,2,120.0,2,1,6,26.0,1,0
8,2,2,1,60.0,5,0,7,39.0,1,0
6,1,0,1,60.0,4,3,1,31.0,0,0
7,2,3,2,60.0,1,0,4,30.0,0,0
5,2,2,1,120.0,1,6,12,46.0,0,0
4,1,0,1,100.0,5,6,7,53.0,0,0
7,0,3,1,60.0,2,4,11,34.0,0,0
7,3,0,1,100.0,4,6,2,37.0,0,0
2,2,0,2,120.0,2,3,1,21.0,0,0
3,1,3,2,120.0,2,2,1,29.0,0,0
7,4,0,0,60.0,5,1,10,26.0,0,0
8,2,0,2,100.0,4,5,6,19.0,0,0
0,3,2,1,100.0,5,5,12,47.0,0,0
0,0,0,0,60.0,5,4,5,36.0,0,1
8,2,1,2,80.0,1,5,1,28.0,0,0
3,2,1,2,80.0,5,4,10,34.0,0,0
3,1,0,2,120.0,3,6,3,49.0,1,2
2,4,0,0,120.0,4,6,11,47.0,0,0
5,4,3,2,80.0,1,2,7,41.0,0,0
